client_id,client_type,first_name,last_name,age,satisfaction_score,property_count,total_spent,avg_price,cluster
C0001,Individual,Kareem,Liu,58.06707734428473,4,4,1246764.72,311691.18,1
C0002,Individual,Trystan,Oconnor,,1,5,1841095.9300000002,368219.18600000005,0
C0003,Individual,Kale,Gay,67.16221765913758,4,5,1661457.5899999999,332291.518,0
C0004,Individual,Russell,Gross,,5,6,1608263.51,268043.91833333333,0
C0005,Company,Marleez,Co,,5,13,3653385.38,281029.64461538463,0
C0006,Individual,Yurem,Wright,69.24845995893224,3,5,1514131.06,302826.212,1
C0007,Individual,Xavier,Faulkner,,5,11,3251147.83,295558.8936363636,0
C0008,Individual,Kayden,Olsen,,5,5,1476730.4100000001,295346.08200000005,0
C0009,Individual,Joaquin,Mullins,50.666666666666664,5,5,1820832.35,364166.47000000003,0
C0010,Individual,Nicolas,Navarro,,3,5,1732434.0,346486.8,0
C0011,Individual,Laci,Guerra,,2,5,1325211.52,265042.304,1
C0012,Company,Kylax,Co,,5,4,1599526.4,399881.6,2
C0013,Individual,Harley,Lucero,63.81930184804928,1,5,2142750.89,428550.178,0
C0014,Company,Esther,Co,45.90280629705681,3,4,1548140.0699999998,387035.01749999996,2
C0015,Individual,Jaylynn,Hickman,,5,5,1585907.37,317181.47400000005,0
C0016,Individual,Olivia,Oconnell,86.7542778918549,5,4,1010217.73,252554.4325,1
C0017,Individual,Antonio,Porter,49.40451745379877,3,5,1778693.75,355738.75,0
C0018,Individual,Luke,Lynn,59.32375085557837,2,4,1061478.67,265369.6675,1
C0019,Individual,Anahi,Curry,68.73648186173854,5,4,1773474.26,443368.565,3
C0020,Individual,Camille,Sharp,,5,4,1508032.25,377008.0625,3
C0021,Individual,Jesus,Obrien,87.98904859685148,3,6,1928172.72,321362.12,0
C0022,Individual,Araceli,Nelson,,5,4,1372403.2,343100.8,3
C0023,Individual,Cole,Taylor,67.49623545516769,3,5,1457871.69,291574.338,1
C0024,Individual,Alonso,Terrell,62.58179329226557,4,6,1884156.9000000001,314026.15,0
C0025,Individual,Rodolfo,Gibson,,2,5,1694448.83,338889.766,0
C0026,Individual,Joseph,Reeves,,5,10,2932241.75,293224.175,0
C0027,Individual,Grant,Weber,57.738535249828885,5,5,1517969.44,303593.888,1
C0028,Individual,Ava,Phelps,,3,5,1791082.79,358216.558,0
C0029,Individual,Kyla,Walker,,4,4,1247795.31,311948.8275,1
C0030,Individual,Alanna,Hess,,3,4,1547311.29,386827.8225,3
C0031,Individual,Skylar,Buchanan,,4,5,1077148.21,215429.642,1
C0032,Individual,Rodrigo,Robinson,59.81656399726215,4,5,1888995.1600000001,377799.032,0
C0033,Individual,Lydia,Tate,,3,4,1404998.67,351249.6675,1
C0034,Individual,Lauryn,Patrick,,2,5,1632608.66,326521.73199999996,0
C0035,Individual,Diego,Mendez,61.06502395619439,3,5,1987876.4,397575.27999999997,0
C0036,Individual,Victor,Jensen,52.75838466803559,4,4,1173683.53,293420.8825,1
C0037,Individual,Scarlet,Hendricks,,5,5,1607228.75,321445.75,0
C0038,Individual,Janelle,Espinoza,,4,4,1175129.27,293782.3175,1
C0039,Individual,Aleksandra,Karenina,,1,4,1858527.54,464631.885,3
C0040,Individual,Conner,Huff,,5,6,1854608.29,309101.38166666665,0
C0041,Individual,Zain,Horne,,1,5,1374460.79,274892.158,1
C0042,Individual,Maia,Chandler,50.8145106091718,1,4,1101390.25,275347.5625,1
C0043,Individual,Jordyn,Park,61.16906228610541,3,4,1126492.46,281623.115,1
C0044,Individual,Diana,Hunt,,3,4,1330493.26,332623.315,3
C0045,Individual,Kevin,Mata,57.64544832306639,2,5,1463432.3599999999,292686.47199999995,1
C0046,Individual,Brisa,Mckee,,5,8,2026517.4,253314.675,0
C0047,Individual,Mason,Gilbert,,2,5,1438239.28,287647.856,1
C0048,Individual,Derick,Li,,3,4,1338718.0,334679.5,1
C0049,Individual,Jace,Riggs,,1,4,1390091.2,347522.8,3
C0050,Individual,Jair,Johns,86.25051334702259,5,9,2744452.35,304939.15,0
C0051,Individual,Matilda,Madden,85.25667351129364,3,4,1270440.42,317610.105,1
C0052,Individual,Myla,Ewing,59.3347022587269,2,4,1474211.53,368552.8825,3
C0053,Individual,Miguel,Walter,72.40793976728268,4,4,1120539.44,280134.86,1
C0054,Company,Bridger CAL,Co,,5,6,2109277.6,351546.26666666666,2
C0055,Individual,Mara,Franco,52.993839835728956,5,4,1178979.21,294744.8025,1
C0056,Individual,Erik,Mora,61.492128678986994,5,4,1579301.3599999999,394825.33999999997,3
C0057,Individual,Henry,Kennedy,92.99110198494182,4,5,2020519.52,404103.904,0
C0058,Company,Kenyon,Co,57.08966461327858,1,5,1441406.17,288281.234,2
C0059,Individual,Oswaldo,Palmer,,2,4,1278854.25,319713.5625,1
C0060,Individual,Kassidy,Vega,54.078028747433265,5,4,1355662.25,338915.5625,3
C0061,Individual,Morgan,Glass,59.06639288158795,5,4,1306907.58,326726.895,1
C0062,Individual,Tyler,Carr,,5,5,1489333.49,297866.698,1
C0063,Individual,Yesenia,Marquez,,4,5,1625480.88,325096.176,0
C0064,Individual,Gordon,Brown,52.31485284052019,4,4,1448881.28,362220.32,3
C0065,Individual,Rodrigo,Ramirez,,1,4,1557125.73,389281.4325,3
C0066,Individual,Melanie,Holland,,3,4,1107164.17,276791.0425,1
C0067,Individual,Enrique,Cardenas,48.98562628336756,2,5,1431941.84,286388.368,1
C0068,Individual,Helen,Williamson,,5,4,1572779.33,393194.8325,3
C0069,Individual,Isis,Rios,56.17796030116359,4,5,1439142.47,287828.494,1
C0070,Individual,Kayley,Nielsen,,4,5,1521570.62,304314.124,1
C0071,Individual,Donavan,Flowers,,1,5,1150384.09,230076.81800000003,1
C0072,Individual,Augustus,Hinton,73.33333333333333,2,6,2246488.58,374414.76333333337,0
C0073,Individual,Alejandra,Greer,61.39630390143737,1,4,1413902.33,353475.5825,3
C0074,Individual,Violet,Nixon,67.42505133470226,5,5,1709458.65,341891.73,0
C0075,Individual,Jaelyn,Berger,56.0848733744011,3,4,1269395.74,317348.935,3
C0076,Individual,Tristian,Fuller,,5,6,1905852.0899999999,317642.01499999996,0
C0077,Individual,Christian,Costa,,5,5,1880012.18,376002.436,0
C0078,Individual,Nora,Lynch,,5,4,1685882.3900000001,421470.59750000003,3
C0079,Individual,Dangelo,Shea,,4,4,1456436.3,364109.075,3
C0080,Individual,Aiyana,Christensen,,3,5,1427531.56,285506.31200000003,1
C0081,Individual,Sidney,Cline,,4,4,1522144.26,380536.065,3
C0082,Individual,Kaitlin,Owen,,5,5,1282267.95,256453.59,1
C0083,Individual,Issac,Edwards,,5,6,1513641.46,252273.57666666666,0
C0084,Individual,Zaiden,Merritt,,3,5,1762231.92,352446.38399999996,0
C0085,Individual,Iris,Larsen,,4,4,1185505.46,296376.365,1
C0086,Individual,Grace,Stein,,3,5,1928188.6099999999,385637.72199999995,0
C0087,Individual,Alessandra,Perry,,4,4,1681153.28,420288.32,3
C0088,Individual,Jamal,Mueller,,2,6,1450519.57,241753.2616666667,1
C0089,Individual,Irvin,Ellis,,3,4,1041853.81,260463.4525,1
C0090,Individual,Terry,Forbes,,5,5,980850.4199999999,196170.08399999997,1
C0091,Individual,Jacqueline,Grant,,4,4,1356644.74,339161.185,1
C0092,Individual,Brock,Fischer,,3,8,2817926.96,352240.87,0
C0093,Individual,Curtis,Howard,63.73169062286105,2,5,1732558.38,346511.676,0
C0094,Individual,Avah,Huang,,5,5,1062675.82,212535.16400000002,1
C0095,Individual,Frank,Meyer,,3,6,1668973.02,278162.17,0
C0096,Individual,Darien,Dorsey,,3,4,1363013.17,340753.2925,1
C0097,Individual,Franklin,Mack,,5,7,2189906.04,312843.72000000003,0
C0098,Individual,Elena,Petrova,,3,4,1131592.65,282898.1625,1
C0099,Individual,Jack,Hanson,84.50924024640658,4,6,2000308.58,333384.76333333337,0
C0100,Individual,Emmett,Estes,56.99931553730322,3,4,1449544.65,362386.1625,3
C0101,Individual,Aniya,Miller,75.26078028747433,3,4,1125013.8,281253.45,1
C0102,Individual,Jack,Anderson,,5,9,3403263.85,378140.4277777778,0
C0103,Individual,Kael,Hurley,,3,5,1483838.77,296767.754,1
C0104,Individual,Kamden,Stewart,,5,5,1677155.01,335431.002,0
C0105,Individual,Aniyah,Ali,66.58726899383984,2,5,1328084.36,265616.87200000003,1
C0106,Individual,Simon,Bennett,72.9883641341547,4,4,957679.27,239419.8175,1
C0107,Individual,Laurel,Benitez,66.8309377138946,4,5,1715058.23,343011.646,0
C0108,Individual,Trey,Strong,,4,6,1998798.72,333133.12,0
C0109,Individual,Myah,Roman,93.08418891170432,5,5,1995551.0899999999,399110.218,0
C0110,Individual,Nyla,Blake,67.00068446269678,5,5,1205555.46,241111.092,1
C0111,Individual,Kole,Shannon,,2,4,1198421.22,299605.305,1
C0112,Individual,Melany,Glover,65.67556468172485,1,5,1775142.2,355028.44,0
C0113,Individual,Arthur,Bray,,4,4,1414433.46,353608.365,3
C0114,Individual,Kamila,Collier,,1,4,1124004.05,281001.0125,1
C0115,Individual,Amanda,Simon,47.50444900752909,5,5,1757354.59,351470.918,0
C0116,Individual,Erika,Steward,70.82819986310746,4,8,2484590.08,310573.76,0
C0117,Individual,Jakobe,Bailey,61.661875427789184,4,8,2884556.25,360569.53125,0
C0118,Individual,Sonia,Choi,77.56878850102669,5,4,1218377.19,304594.2975,1
C0119,Individual,Erika,Gallagher,,1,4,1603043.92,400760.98,3
C0120,Individual,Madeline,Michael,,4,5,1753587.39,350717.478,0
C0121,Individual,Bennett,Chen,,2,5,1169150.31,233830.062,1
C0122,Individual,Belinda,Hogan,,1,4,1412560.68,353140.17,3
C0123,Individual,Johanna,Fisher,,4,5,1821348.69,364269.738,0
C0124,Individual,Jaylen,Turner,,4,5,1613985.08,322797.016,0
C0125,Individual,Michael,Juarez,,4,4,1341108.25,335277.0625,3
C0126,Individual,Adriana,Shaffer,53.90006844626968,2,5,1319929.46,263985.892,1
C0127,Individual,Julio,Leonard,,2,4,967474.23,241868.5575,1
C0128,Company,Abdiel,Co,,5,5,1639392.9500000002,327878.59,2
C0129,Individual,Warren,Pugh,,5,4,1748372.75,437093.1875,3
C0130,Individual,Luis,Crane,,3,4,1488042.88,372010.72,3
C0131,Individual,Mohammad,Irwin,54.507871321013006,1,5,1428058.5499999998,285611.70999999996,1
C0132,Individual,Davion,Stout,,1,4,1203775.04,300943.76,1
C0133,Individual,Logan,Simmons,,4,4,1449799.93,362449.9825,3
C0134,Individual,Kaylin,Villarreal,,3,5,1761669.8699999999,352333.974,0
C0135,Individual,Ruben,Melton,87.25256673511294,2,4,1221442.92,305360.73,1
C0136,Individual,Gianni,Fritz,,3,5,1892554.72,378510.944,0
C0137,Individual,Emilie,Morrison,,3,4,989750.45,247437.6125,1
C0138,Individual,Crystal,Wyatt,,3,5,1367824.55,273564.91000000003,1
C0139,Individual,Annabel,Robles,,5,5,1807366.3,361473.26,0
C0140,Individual,Rachel,Cross,,3,5,1559561.53,311912.306,0
C0141,Individual,Madalyn,Mercer,,5,5,1765019.09,353003.818,0
C0142,Individual,Michelle,Cameron,48.002737850787135,3,5,1673770.19,334754.038,0
C0143,Individual,Ezra,Lozano,,1,8,2389960.3,298745.0375,0
C0144,Individual,Ramiro,Oneill,,4,5,1897739.74,379547.948,0
C0145,Individual,Emely,Watts,,4,5,1746571.55,349314.31,0
C0146,Individual,Hazel,Ayers,63.34017796030116,2,4,1481536.3900000001,370384.09750000003,3
C0147,Individual,Cedric,Goodwin,,4,5,1398309.27,279661.854,1
C0148,Individual,Dayton,Hatfield,,4,4,1700383.7,425095.925,3
C0149,Individual,Piotr,Aleksandrov,70.507871321013,3,4,1049009.0,262252.25,1
C0150,Individual,Memphis,Mcconnell,,2,4,1846066.58,461516.645,3
C0151,Individual,Arabella,Ferrell,,1,5,1589086.32,317817.264,3
C0152,Individual,Sincere,Hansen,,2,7,2539205.93,362743.7042857143,0
C0153,Individual,Lara,Carrillo,,5,5,1560375.26,312075.052,0
C0154,Individual,Valentina,Simpson,,4,5,2142457.31,428491.462,0
C0155,Company,Kamd,Co,,5,5,1622885.53,324577.106,2
C0156,Individual,Case,Sanchez,,5,4,1344903.47,336225.8675,1
C0157,Individual,Van,Charles,,2,4,1060400.03,265100.0075,1
C0158,Individual,Emmy,Singh,46.50513347022587,3,4,1439477.66,359869.415,3
C0159,Individual,Colin,Campos,,3,4,1596507.45,399126.8625,3
C0160,Individual,Anya,Stephenson,66.98425735797399,4,5,1679716.96,335943.392,0
C0161,Individual,Parker,Poole,74.5681040383299,5,9,2534264.26,281584.91777777777,0
C0162,Individual,Ivan,Bright,,4,4,1135363.52,283840.88,1
C0163,Individual,Larry,Turner,,5,4,1506594.21,376648.5525,3
C0164,Individual,Matthew,Nelson,,5,4,1436152.54,359038.135,3
C0165,Individual,Mary,Hall,69.90006844626969,3,3,1276849.33,425616.44333333336,3
C0166,Individual,Carolyn,Weaver,,4,4,1273643.37,318410.8425,3
C0167,Individual,Grace,Green,71.33744010951403,3,7,2749577.33,392796.7614285714,0
C0168,Individual,Pamela,Sanders,65.99589322381931,3,4,1491785.87,372946.4675,3
C0169,Individual,Terry,Turner,,5,3,688864.2,229621.4,1
C0170,Individual,Jacob,Jones,,5,3,1161316.17,387105.38999999996,3
C0171,Individual,Julie,Sanders,35.08555783709788,5,4,1278753.71,319688.4275,1
C0172,Individual,Catherine,Carter,,1,4,1681471.9100000001,420367.97750000004,3
C0173,Individual,Amber,Wilson,,5,8,2619968.43,327496.05375,0
C0174,Individual,Rachel,Harris,43.9151266255989,3,3,865359.73,288453.24333333335,1
C0175,Individual,Brandon,Alexander,64.16700889801506,5,4,1606138.1199999999,401534.52999999997,3
C0176,Individual,Hannah,Williams,,2,6,2681927.91,446987.98500000004,0
C0177,Individual,Sarah,Hansen,75.25256673511294,5,7,2269897.21,324271.02999999997,0
C0178,Individual,Laura,Chavez,,4,7,2665917.96,380845.42285714287,0
C0179,Individual,Ashley,Turner,40.31211498973306,2,8,2131372.11,266421.51375,0
C0180,Individual,Jacob,Wilson,,2,7,2660292.37,380041.76714285713,0
C0181,Individual,Lawrence,Peterson,,2,7,2047189.62,292455.66000000003,0
C0182,Individual,Virginia,Bennett,54.507871321013006,1,8,3082362.35,385295.29375,0
C0183,Individual,Nicholas,Green,,3,7,1883106.92,269015.27428571426,0
C0184,Individual,Peter,Pierce,,1,6,2618938.16,436489.69333333336,0
C0185,Individual,Andrea,Nelson,80.92539356605064,4,7,2491911.81,355987.40142857144,0
C0186,Individual,Carol,Green,44.17522245037645,1,8,2674286.63,334285.82875,0
C0187,Individual,Cheryl,Kim,,1,6,2066651.1400000001,344441.8566666667,0
C0188,Individual,Jose,Martin,85.65639972621491,5,7,2891447.6,413063.9428571429,0
C0189,Individual,Anna,Adams,67.48254620123203,2,7,2209659.42,315665.6314285714,0
C0190,Individual,Karen,Johnson,,2,7,2276701.17,325243.02428571426,0
C0191,Individual,Sarah,Turner,49.08145106091718,3,8,2172926.7600000002,271615.84500000003,0
C0192,Individual,Margaret,Moore,42.332648870636554,2,7,2900509.0999999996,414358.4428571428,0
C0193,Individual,Sharon,Campbell,57.82067077344285,4,7,1933778.2399999998,276254.03428571427,0
C0194,Individual,Jonathan,Hall,,5,7,2759372.27,394196.03857142857,0
C0195,Individual,Sean,Jones,,2,7,2102233.85,300319.12142857147,0
C0196,Individual,Alexander,Adams,,5,6,2611736.44,435289.4066666667,0
C0197,Individual,Kevin,Wright,81.927446954141,4,8,2775768.6,346971.075,0
C0198,Individual,Michelle,White,,4,8,2399689.67,299961.20875,0
C0199,Individual,Ryan,Brown,,3,7,2582959.87,368994.26714285713,0
C0200,Individual,Linda,Harris,82.08076659822039,1,4,1071359.3900000001,267839.84750000003,1
C0201,Individual,Lauren,Weaver,,1,4,1298787.54,324696.885,1
C0202,Individual,Jack,Reyes,29.56331279945243,1,3,1019272.5900000001,339757.53,1
C0203,Individual,Christine,Brooks,,4,4,1242478.83,310619.7075,1
C0204,Individual,Joyce,Pierce,79.40041067761807,5,3,934432.98,311477.66,1
C0205,Individual,Kelly,Nelson,,1,3,949224.48,316408.16,1
C0206,Individual,Nancy,Roberts,69.07597535934292,1,3,853060.9299999999,284353.6433333333,1
C0207,Individual,Kyle,Gray,,4,3,889948.76,296649.58666666667,1
C0208,Individual,Mark,James,,4,4,1199654.38,299913.595,1
C0209,Individual,Kyle,Moore,,3,4,979868.13,244967.0325,1
C0210,Individual,Janice,Price,,2,4,1346156.55,336539.1375,3
C0211,Individual,Amy,Evans,,3,4,1254240.07,313560.0175,1
C0212,Individual,Jacob,Wood,,4,3,1068278.76,356092.92,1
C0213,Individual,Jason,Gray,,5,3,809691.13,269897.04333333333,1
C0214,Individual,Helen,Wood,,5,3,1070534.6400000001,356844.88000000006,1
C0215,Individual,Lauren,Foster,26.902121834360027,4,3,1032856.46,344285.48666666663,1
C0216,Individual,Albert,Hansen,,1,4,1352642.3399999999,338160.58499999996,1
C0217,Individual,Deborah,Miller,41.90006844626968,3,4,1238434.91,309608.7275,1
C0218,Individual,Shirley,Anderson,,2,3,836639.27,278879.75666666665,1
C0219,Individual,William,Turner,,4,4,1267653.57,316913.3925,3
C0220,Individual,Walter,Phillips,74.99794661190965,1,3,1060812.68,353604.2266666666,1
C0221,Company,Atlas,Co,,5,4,1377133.5999999999,344283.39999999997,2
C0222,Individual,Christopher,Stone,69.57152635181383,3,3,1223560.82,407853.6066666667,3
C0223,Individual,Patrick,Hansen,52.56125941136208,3,4,969341.87,242335.4675,1
C0224,Individual,Nathan,Richardson,,5,3,1189255.63,396418.5433333333,3
C0225,Individual,Evelyn,Reyes,,1,4,1120626.94,280156.735,1
C0226,Individual,Julia,Jordan,67.90143737166325,2,3,1571251.03,523750.3433333333,3
C0227,Individual,Rachel,Evans,,5,3,942245.37,314081.79,1
C0228,Individual,Hannah,Owens,,4,3,606605.72,202201.90666666665,1
C0229,Individual,Jose,Turner,,5,3,892220.13,297406.71,1
C0230,Company,Forsyte,Co,,4,4,1457429.02,364357.255,2
C0231,Individual,Ronald,Rogers,,2,3,729893.08,243297.69333333333,1
C0232,Individual,Megan,Kim,64.08761122518823,3,4,1276710.4900000002,319177.62250000006,1
C0233,Individual,Larry,Garcia,28.733744010951405,4,4,1105806.54,276451.635,1
C0234,Individual,Andrea,Hughes,47.26078028747433,1,3,839967.04,279989.01333333337,1
C0235,Individual,Kenneth,Allen,76.65160848733744,5,4,1268586.58,317146.645,1
C0236,Individual,Gerald,Howard,53.817932922655714,3,3,1321475.69,440491.89666666667,3
C0237,Individual,Jason,Nelson,41.58521560574949,5,3,1392353.31,464117.77,3
C0238,Individual,Amber,Patterson,44.40520191649555,4,3,1125732.72,375244.24,3
C0239,Individual,Megan,Baker,,3,4,1352763.67,338190.9175,3
C0240,Individual,Amber,Morales,,3,3,935028.28,311676.0933333333,1
C0241,Individual,Kelly,Anderson,,5,3,1025934.71,341978.23666666663,1
C0242,Individual,Stephen,Peterson,,3,4,1358315.73,339578.9325,3
C0243,Individual,Nancy,Patterson,47.90143737166324,2,4,1382777.8900000001,345694.47250000003,3
C0244,Individual,Joyce,Pierce,27.838466803559207,1,3,1046652.28,348884.0933333333,3
C0245,Individual,Sean,Long,52.407939767282684,4,3,1354584.5,451528.1666666667,3
C0246,Individual,Stephen,Pierce,,1,3,1024485.26,341495.08666666667,1
C0247,Individual,Kevin,Morris,,1,4,1696540.52,424135.13,3
C0248,Individual,Carl,Collins,57.48665297741273,4,3,1035934.63,345311.54333333333,1
C0249,Individual,Stephanie,Montgomery,57.497604380561256,4,4,1142995.52,285748.88,1
C0250,Individual,Justin,Stewart,,2,3,982306.66,327435.55333333334,1
C0251,Individual,Janice,Chavez,49.81519507186858,5,3,463611.95,154537.31666666668,1
C0252,Individual,Elizabeth,Rogers,,2,3,1082221.48,360740.49333333335,3
C0253,Individual,Betty,Hughes,,4,4,1239226.11,309806.5275,1
C0254,Individual,Rachel,Freeman,,5,4,1332152.57,333038.1425,3
C0255,Individual,Sara,Jones,65.31964407939768,3,4,1689083.06,422270.765,3
C0256,Individual,Anthony,Hughes,35.48528405201917,1,3,1150229.15,383409.7166666666,3
C0257,Individual,Nicholas,Kim,,1,3,1145456.23,381818.74333333335,3
C0258,Individual,Carl,Murray,,4,3,1001712.37,333904.12333333335,1
C0259,Individual,Emma,Chavez,,4,3,779396.4099999999,259798.80333333332,1
C0260,Individual,Rebecca,Wood,79.83572895277207,3,4,1057192.79,264298.1975,1
C0261,Company,Celera,Co,,4,4,2094623.1,523655.775,2
C0262,Individual,Billy,Bryant,,2,3,1233260.4,411086.8,3
C0263,Individual,Anthony,Garcia,44.84052019164955,2,3,969140.41,323046.80333333334,1
C0264,Individual,Melissa,Baker,33.72758384668035,2,4,1127766.02,281941.505,1
C0265,Company,Celera,Co,,1,4,1708031.99,427007.9975,2
C0266,Individual,Aaron,Owens,,5,3,931646.38,310548.79333333333,1
C0267,Individual,Judy,Howard,77.56057494866529,4,4,1314495.01,328623.7525,1
C0268,Individual,Danielle,Carter,,3,4,1108939.8599999999,277234.96499999997,1
C0269,Individual,David,Stewart,57.3305954825462,2,3,1049110.08,349703.36000000004,1
C0270,Individual,Megan,Allen,,5,3,924009.9,308003.3,1
C0271,Individual,Laura,Hughes,,3,4,1295689.37,323922.3425,1
C0272,Individual,Pamela,Green,32.837782340862425,5,4,1439584.37,359896.0925,3
C0273,Individual,Paul,Morales,,2,3,682452.64,227484.21333333335,1
C0274,Individual,Raymond,Young,75.67693360711841,2,3,1343449.34,447816.4466666667,3
C0275,Individual,William,Thompson,,1,4,1237500.3,309375.075,1
C0276,Individual,Gloria,Harris,,5,3,1011195.98,337065.32666666666,1
C0277,Individual,Jordan,Garcia,,1,3,1123449.53,374483.1766666667,3
C0278,Individual,Margaret,Foster,70.839151266256,2,3,1442538.67,480846.2233333333,3
C0279,Individual,Heather,Montgomery,,1,3,1012986.25,337662.0833333333,1
C0280,Individual,Nathan,Price,,4,4,1282020.93,320505.2325,1
C0281,Individual,Katherine,Phillips,,1,3,1256275.37,418758.4566666667,3
C0282,Individual,Emily,Owens,,1,4,973863.8,243465.95,1
C0283,Individual,Susan,Edwards,64.06570841889118,2,4,1118599.47,279649.8675,1
C0284,Individual,Patrick,Owens,,4,4,1251975.85,312993.9625,1
C0285,Individual,Billy,Parker,27.241615331964407,3,4,1679056.13,419764.0325,3
C0286,Individual,Noah,Brooks,,1,3,859353.0900000001,286451.03,1
C0287,Individual,Joan,Bell,35.98631074606434,5,3,1171265.03,390421.6766666667,3
C0288,Individual,Kevin,Freeman,28.58590006844627,4,4,1364289.23,341072.3075,3
C0289,Individual,Laura,Hayes,,5,4,1533862.35,383465.5875,3
C0290,Individual,Ryan,Watson,64.42436687200548,2,3,1215398.18,405132.7266666666,3
C0291,Individual,James,Bryant,72.91444216290212,2,3,1322506.76,440835.58666666667,3
C0292,Individual,Karen,Watson,80.50650239561944,1,4,1442818.3399999999,360704.58499999996,3
C0293,Individual,Ruth,Collins,32.92813141683778,4,4,1580876.65,395219.1625,3
C0294,Individual,Nicholas,Reyes,,3,4,1027250.91,256812.7275,1
C0295,Individual,Roger,Harris,58.743326488706366,3,3,1350375.73,450125.24333333335,3
C0296,Individual,Mark,Young,42.16290212183436,1,3,1142875.46,380958.48666666663,3
C0297,Individual,Julia,Murray,,5,4,1709184.75,427296.1875,3
C0298,Individual,Sarah,Patterson,53.56605065023956,3,4,1262479.23,315619.8075,3
C0299,Individual,Barbara,Davis,49.08966461327858,5,4,1177661.76,294415.44,1
C0300,Individual,Zachary,Peterson,67.15126625598904,5,3,844956.55,281652.18333333335,1
C0301,Individual,Lisa,Alexander,67.26078028747433,4,3,1045776.52,348592.17333333334,1
C0302,Individual,Maria,Edwards,,1,4,1654300.33,413575.0825,3
C0303,Individual,Betty,Owens,68.9034907597536,5,4,1519113.12,379778.28,3
C0304,Individual,Patrick,Morris,,1,4,1685753.28,421438.32,3
C0305,Individual,Emily,Kim,,1,3,1327736.23,442578.74333333335,3
C0306,Individual,Samuel,Foster,38.16563997262149,1,4,1399698.79,349924.6975,3
C0307,Individual,Samuel,Freeman,,5,4,1490170.3800000001,372542.59500000003,3
C0308,Individual,Catherine,Roberts,53.65092402464066,4,3,1176582.54,392194.18,3
C0309,Individual,Stephanie,Cox,,4,3,1382649.58,460883.19333333336,3
C0310,Individual,Edward,Weaver,34.091718001368925,3,3,1389329.62,463109.87333333335,3
C0311,Individual,Justin,Anderson,74.23956194387407,2,4,1632999.56,408249.89,3
C0312,Individual,Zachary,Cooper,,3,4,1105668.66,276417.165,1
C0313,Company,Stratos,Co,52.14784394250513,1,3,1091085.9300000002,363695.31000000006,2
C0314,Individual,Andrew,Jones,,4,3,1040795.02,346931.67333333334,1
C0315,Individual,Michael,Phillips,,5,4,1178606.56,294651.64,1
C0316,Individual,Brandon,Martin,,4,4,1792447.27,448111.8175,3
C0317,Individual,Amber,Hansen,,2,3,1248444.31,416148.10333333333,3
C0318,Individual,Amy,Peterson,,5,3,871968.67,290656.2233333333,1
C0319,Company,Zynex,Co,30.562628336755647,5,4,2061054.65,515263.6625,2
C0320,Individual,Tyler,Cox,41.50855578370979,3,3,1317732.09,439244.03,3
C0321,Individual,Jesse,Cook,34.39561943874059,2,4,1701753.71,425438.4275,3
C0322,Individual,Deborah,Moore,,2,3,1347002.93,449000.9766666666,3
C0323,Individual,Samantha,Hayes,,2,3,1230825.62,410275.2066666667,3
C0324,Individual,Raymond,Parker,,4,3,1147121.25,382373.75,3
C0325,Individual,Maria,Flores,,5,4,1205175.56,301293.89,1
C0326,Individual,Daniel,Reed,68.07118412046543,4,4,1321975.5,330493.875,3
C0327,Individual,Elizabeth,Ward,64.90622861054072,1,4,1116366.72,279091.68,1
C0328,Individual,William,Young,,1,4,1356560.31,339140.0775,1
C0329,Individual,Diane,Morales,27.665982203969882,3,3,770062.4,256687.46666666667,1
C0330,Individual,Christian,Richardson,,1,4,1331463.63,332865.9075,1
C0331,Individual,Ann,Martin,,3,4,1546334.4,386583.6,3
C0332,Individual,Christopher,Price,,3,3,1209987.46,403329.1533333333,3
C0333,Individual,Helen,Hall,,3,3,1118960.06,372986.6866666667,3
C0334,Individual,Andrew,Roberts,75.84394250513347,3,4,1445655.93,361413.9825,3
C0335,Individual,Charles,Morris,,4,4,1478341.12,369585.28,3
C0336,Individual,Karen,Price,,5,3,1163690.5899999999,387896.8633333333,3
C0337,Individual,Nathan,Alexander,,3,3,759310.2,253103.4,1
C0338,Individual,Patrick,Flores,,5,4,1488671.1300000001,372167.78250000003,3
C0339,Individual,Keith,King,62.666666666666664,5,4,1548824.23,387206.0575,3
C0340,Individual,Daniel,Garcia,,2,3,1047500.4199999999,349166.80666666664,1
C0341,Individual,Carl,Chavez,43.56741957563313,4,4,1679555.42,419888.855,3
C0342,Individual,Kevin,Hughes,,2,3,1290567.3900000001,430189.13000000006,3
C0343,Individual,Joyce,Thompson,,2,4,1630923.97,407730.9925,3
C0344,Individual,Joshua,Jackson,,2,4,1276344.68,319086.17,1
C0345,Individual,Stephanie,Hall,,4,3,1339687.25,446562.4166666667,3
C0346,Individual,Amy,Nelson,63.00889801505818,5,3,1174812.8599999999,391604.2866666666,3
C0347,Individual,Mark,Reyes,,3,3,1378006.45,459335.48333333334,3
C0348,Individual,Jack,Pierce,,5,4,1482633.92,370658.48,3
C0349,Individual,Paul,Jackson,,2,3,1065745.84,355248.61333333334,3
C0350,Individual,Richard,Jones,33.48117727583847,2,3,1066408.3,355469.43333333335,3
C0351,Individual,Michelle,Watson,,5,4,1551113.76,387778.44,3
C0352,Individual,Judith,Williams,,3,3,1339830.04,446610.01333333337,3
C0353,Individual,Anna,Murray,,2,3,889855.16,296618.38666666666,1
C0354,Individual,Kimberly,Turner,,4,3,962196.6000000001,320732.2,1
C0355,Individual,Henry,Alexander,,1,3,1029593.97,343197.99,1
C0356,Individual,Andrea,Kim,49.9958932238193,3,4,964351.9,241087.975,1
C0357,Individual,Danielle,Griffin,38.15468856947297,3,3,970629.22,323543.0733333333,1
C0358,Individual,Katherine,Griffin,,3,3,1150919.74,383639.91333333333,3
C0359,Individual,Julie,Cooper,75.23887748117727,1,3,1098189.8900000001,366063.2966666667,3
C0360,Individual,Laura,Baker,77.73579739904176,2,4,1978026.48,494506.62,3
C0361,Individual,Nicholas,Miller,67.73990417522245,1,4,1468372.25,367093.0625,3
C0362,Individual,Betty,Moore,25.744010951403148,4,3,1129669.4,376556.4666666666,3
C0363,Individual,Christine,Edwards,,2,4,1232301.44,308075.36,1
C0364,Individual,George,Gray,82.25872689938399,2,4,1492505.18,373126.295,3
C0365,Individual,Brandon,Morales,64.31211498973306,5,3,951259.9,317086.63333333336,1
C0366,Individual,Keith,Long,,4,3,1420135.32,473378.44,3
C0367,Individual,Samuel,Collins,,4,4,1662617.88,415654.47,3
C0368,Individual,Betty,Scott,33.81519507186858,4,4,1494552.45,373638.1125,3
C0369,Individual,Helen,Murray,71.67693360711841,2,4,1586439.08,396609.77,3
C0370,Individual,Michelle,Brooks,,1,4,1613633.3900000001,403408.34750000003,3
C0371,Individual,Ryan,Moore,,3,3,827208.61,275736.2033333333,1
C0372,Individual,Teresa,Nelson,,1,3,1280128.06,426709.35333333333,3
C0373,Individual,Karen,Morales,,2,3,1047277.1799999999,349092.3933333333,1
C0374,Individual,Madison,Hughes,32.57494866529774,4,4,916825.86,229206.465,1
C0375,Individual,Kyle,Thompson,,4,3,1178580.6400000001,392860.2133333334,3
C0376,Individual,Shirley,Smith,,3,3,1182808.29,394269.43,3
C0377,Individual,Charles,Patterson,,4,3,822780.32,274260.10666666663,1
C0378,Individual,Heather,Anderson,,3,3,812387.51,270795.83666666667,1
C0379,Company,Optima,Co,,2,4,1254919.3599999999,313729.83999999997,2
C0380,Individual,Evelyn,Chavez,,3,3,939708.87,313236.29,1
C0381,Individual,David,Gray,65.40451745379877,5,3,878913.19,292971.0633333333,1
C0382,Individual,Nicholas,Garcia,50.82546201232033,1,3,980139.25,326713.0833333333,1
C0383,Company,Novex,Co,40.56947296372348,3,4,968070.64,242017.66,2
C0384,Individual,Amy,Stewart,,3,3,1010761.74,336920.58,1
C0385,Individual,Douglas,Owens,57.39356605065024,4,3,1289646.4100000001,429882.1366666667,3
C0386,Individual,Carol,Stewart,,2,3,1633972.21,544657.4033333333,3
C0387,Individual,Jessica,Owens,,2,4,1992983.55,498245.8875,3
C0388,Individual,Zachary,Cox,,4,3,961894.92,320631.64,1
C0389,Individual,Ronald,Stone,,3,4,1261549.0899999999,315387.27249999996,1
C0390,Individual,Steven,Griffin,,2,4,1678762.0699999998,419690.51749999996,3
C0391,Individual,Heather,Long,59.56194387405886,5,3,1035012.9099999999,345004.3033333333,1
C0392,Individual,Katherine,Adams,,2,4,1015830.03,253957.5075,1
C0393,Individual,Nicole,Allen,37.99041752224504,4,4,1616556.78,404139.195,3
C0394,Individual,Shirley,Foster,,3,4,1258840.0,314710.0,3
C0395,Individual,Deborah,Chavez,,1,3,1153134.48,384378.16,3
C0396,Individual,Charles,Allen,,5,4,1181447.25,295361.8125,1
C0397,Individual,Hannah,Williams,,5,3,793543.27,264514.42333333334,1
C0398,Individual,Jennifer,Alexander,,1,4,1186693.85,296673.4625,1
C0399,Individual,Albert,Kim,41.987679671457904,4,4,1229057.49,307264.3725,1
C0400,Individual,Brandon,Anderson,,4,4,1360152.99,340038.2475,3
C0401,Individual,Brian,Anderson,,5,4,1020913.0700000001,255228.26750000002,1
C0402,Individual,Brenda,Garcia,,5,3,1054166.95,351388.98333333334,1
C0403,Individual,Jennifer,Adams,,1,3,878792.98,292930.99333333335,1
C0404,Individual,Sara,Cook,49.497604380561256,1,3,731788.96,243929.65333333332,1
C0405,Company,Horizon,Co,,1,4,1310963.25,327740.8125,2
C0406,Individual,Christine,Brown,,3,4,1317165.12,329291.28,3
C0407,Individual,Lisa,Freeman,,2,4,1254494.91,313623.7275,1
C0408,Individual,Tyler,Rogers,49.333333333333336,3,3,1320497.01,440165.67,3
C0409,Individual,Timothy,Reyes,,1,4,1816669.2,454167.3,3
C0410,Individual,Diane,Johnson,,5,3,1021706.02,340568.67333333334,3
C0411,Individual,Amanda,Moore,43.07460643394935,2,3,896987.21,298995.73666666663,1
C0412,Individual,Karen,Richardson,,5,3,1100376.25,366792.0833333333,3
C0413,Individual,Brandon,Smith,85.90006844626969,3,4,1769126.22,442281.555,3
C0414,Individual,Brandon,Reed,63.493497604380565,4,4,1412148.94,353037.235,3
C0415,Individual,Grace,Turner,45.90554414784394,5,4,1305928.3499999999,326482.08749999997,1
C0416,Company,Bravada,Co,,5,3,1059532.51,353177.50333333336,2
C0417,Individual,Peter,Collins,78.50513347022587,2,3,1354773.96,451591.32,3
C0418,Individual,Douglas,Howard,,5,4,1629486.83,407371.7075,3
C0419,Individual,Jack,Hansen,63.58658453114305,3,4,1174012.19,293503.0475,1
C0420,Individual,Debra,Reyes,32.41615331964408,5,3,1260096.1600000001,420032.0533333334,3
C0421,Individual,Zachary,Cox,,5,4,1495763.3699999999,373940.84249999997,3
C0422,Company,Telnox,Co,,1,4,1653171.62,413292.905,2
C0423,Individual,Rachel,Sanders,,1,3,1068716.19,356238.73,1
C0424,Individual,Sarah,Stewart,27.50171115674196,1,3,1034036.3,344678.76666666666,1
C0425,Individual,Gerald,Wright,61.23477070499658,2,3,1256932.48,418977.49333333335,3
C0426,Individual,Julie,Brown,72.65982203969884,4,3,890250.61,296750.2033333333,1
C0427,Individual,Sarah,Peterson,31.745379876796715,4,4,1457016.31,364254.0775,3
C0428,Individual,Gloria,Rogers,,3,4,984451.32,246112.83,1
C0429,Individual,Danielle,Stone,30.581793292265573,3,4,1503904.1600000001,375976.04000000004,3
C0430,Individual,Roger,Wood,51.66598220396988,2,3,931141.96,310380.6533333333,1
C0431,Individual,Austin,King,57.08418891170431,5,4,1544751.33,386187.8325,3
C0432,Company,Grandis,Co,,5,4,1277850.15,319462.5375,2
C0433,Individual,Ruth,Hughes,57.256673511293634,2,4,1937061.37,484265.3425,3
C0434,Individual,Amanda,Sanders,,5,3,1364889.24,454963.08,3
C0435,Individual,Sara,Richardson,,5,3,908970.34,302990.11333333334,1
C0436,Individual,Brandon,Jones,54.064339493497606,2,4,1327594.64,331898.66,1
C0437,Individual,Danielle,James,35.66598220396988,1,3,657032.8200000001,219010.94000000003,1
C0438,Individual,Gregory,Collins,43.65503080082136,1,4,1458641.1,364660.275,3
C0439,Individual,Larry,Thompson,70.24229979466119,2,3,1273328.62,424442.87333333335,3
C0440,Individual,Lawrence,Parker,,1,3,703498.83,234499.61,1
C0441,Individual,Joan,Foster,45.67556468172484,1,4,1525849.55,381462.3875,3
C0442,Individual,Sarah,Hansen,,3,4,1707466.97,426866.7425,3
C0443,Individual,Noah,Foster,,1,3,1355839.1,451946.3666666667,3
C0444,Individual,Jennifer,Martin,,2,4,1054514.54,263628.635,1
C0445,Individual,Michelle,Evans,30.562628336755647,2,4,1425691.63,356422.9075,3
C0446,Individual,Douglas,Thomas,71.34017796030116,2,3,1024655.04,341551.68,1
C0447,Individual,Patricia,Johnson,,2,3,1543592.15,514530.7166666666,3
C0448,Individual,Mark,White,45.98494182067078,2,3,942066.48,314022.16,1
C0449,Individual,Jordan,King,,2,3,1418922.44,472974.14666666667,3
C0450,Individual,Matthew,Jackson,,3,4,1555297.3699999999,388824.34249999997,3
C0451,Individual,Larry,Anderson,,5,4,1665967.4100000001,416491.85250000004,3
C0452,Individual,Brandon,Adams,,3,4,1398358.69,349589.6725,3
C0453,Individual,Carl,Wood,,1,4,1321010.76,330252.69,3
C0454,Company,Altira,Co,65.1772758384668,4,3,980683.73,326894.57666666666,2
C0455,Individual,Karen,Williams,63.34017796030116,1,4,1125726.62,281431.655,1
C0456,Individual,Virginia,Brooks,,3,3,1349210.55,449736.85000000003,3
C0457,Individual,Kenneth,Hansen,,1,3,1399940.21,466646.73666666663,3
C0458,Individual,Thomas,Turner,30.921286789869953,1,4,1382881.81,345720.4525,3
C0459,Individual,Steven,Johnson,,3,3,821716.14,273905.38,1
C0460,Individual,Amanda,Cox,,1,3,1061349.03,353783.01,1
C0461,Individual,Jonathan,Peterson,,1,3,986630.39,328876.7966666667,1
C0462,Individual,Eric,White,,2,4,1606667.68,401666.92,3
C0463,Individual,Nicholas,Garcia,,5,4,1235094.73,308773.6825,1
C0464,Individual,Gregory,Turner,51.48254620123203,5,4,1455550.0,363887.5,3
C0465,Individual,George,Carter,76.75564681724846,3,3,707799.9199999999,235933.30666666664,1
C0466,Individual,Patricia,Cox,,2,4,1228651.21,307162.8025,1
C0467,Individual,Rebecca,Chavez,74.16563997262149,1,3,976066.93,325355.64333333337,1
C0468,Individual,Raymond,Smith,,3,3,1267396.7999999998,422465.5999999999,3
C0469,Individual,Adam,Foster,,2,4,1518476.47,379619.1175,3
C0470,Individual,Joan,Anderson,,1,3,862552.54,287517.51333333337,1
C0471,Individual,Gary,Collins,,3,3,1084997.39,361665.79666666663,3
C0472,Individual,Edward,Moore,74.6694045174538,4,3,1277486.3699999999,425828.79,3
C0473,Individual,Sharon,Price,44.82135523613963,3,4,1304527.6600000001,326131.91500000004,1
C0474,Individual,Gregory,Young,30.491444216290212,1,4,962015.29,240503.8225,1
C0475,Individual,William,Brooks,,2,3,1234470.16,411490.0533333333,3
C0476,Individual,Steven,Johnson,29.166324435318277,3,4,1485303.01,371325.7525,3
C0477,Individual,Jesse,Stone,42.340862422997944,4,3,1535114.88,511704.95999999996,3
C0478,Individual,Ashley,Garcia,85.83983572895278,4,3,774892.79,258297.59666666668,1
C0479,Individual,Virginia,Wright,48.16427104722793,2,4,1172782.93,293195.7325,1
C0480,Individual,Scott,Bryant,,4,4,1033261.03,258315.2575,1
C0481,Individual,Sean,Williams,49.478439425051334,3,4,1365460.24,341365.06,3
C0482,Individual,Deborah,Brown,45.65639972621492,3,3,1006132.77,335377.59,1
C0483,Individual,Kevin,Jackson,40.57221081451061,1,3,881113.79,293704.5966666667,1
C0484,Individual,Janet,Wright,,3,4,1313240.67,328310.1675,1
C0485,Individual,Julia,Morales,34.6611909650924,2,3,1000841.1799999999,333613.7266666666,3
C0486,Individual,Billy,Carter,,2,3,1090587.66,363529.22,3
C0487,Individual,Jessica,Williams,,5,4,1576272.71,394068.1775,3
C0488,Individual,Megan,Jackson,47.069130732375086,4,4,1218265.3599999999,304566.33999999997,1
C0489,Individual,Austin,Jordan,75.9917864476386,2,3,1025274.77,341758.25666666665,1
C0490,Individual,Emily,Wright,,5,3,1292367.93,430789.31,3
C0491,Individual,Noah,White,84.83230663928816,2,3,1106379.8,368793.26666666666,3
C0492,Individual,Raymond,Price,26.078028747433265,3,4,1300917.1,325229.275,3
C0493,Individual,Tyler,Hughes,71.9151266255989,3,4,1312198.98,328049.745,1
C0494,Individual,Grace,Carter,35.83846680355921,3,4,1052676.65,263169.1625,1
C0495,Individual,Jerry,Hall,,5,4,1246742.44,311685.61,1
C0496,Individual,Billy,Reyes,36.41615331964408,4,4,1120376.44,280094.11,1
C0497,Individual,Emma,Stewart,41.33607118412046,4,3,1330684.99,443561.66333333333,3
C0498,Individual,Nancy,Collins,,2,3,1007455.29,335818.43,1
C0499,Individual,Lisa,Patterson,80.31485284052019,3,3,897769.81,299256.60333333333,1
C0500,Individual,Dennis,Howard,,4,3,1294944.52,431648.17333333334,3
C0501,Individual,Kenneth,Jackson,30.562628336755647,5,4,1741166.27,435291.5675,3
C0502,Individual,Madison,Gray,,4,4,1537989.75,384497.4375,3
C0503,Individual,Keith,Peterson,,2,4,1432167.34,358041.835,3
C0504,Individual,Jeffrey,Green,,2,4,1367188.58,341797.145,1
C0505,Individual,Katherine,Wilson,,3,3,1043535.21,347845.07,1
C0506,Individual,Albert,Stone,58.92128678986995,5,3,1122203.03,374067.6766666667,3
C0507,Individual,Mark,Morales,,3,3,1062656.6099999999,354218.86999999994,3
C0508,Individual,Grace,Weaver,56.41067761806981,5,3,833710.06,277903.35333333333,1
C0509,Individual,Aaron,Cook,70.17385352498289,3,4,1687930.25,421982.5625,3
C0510,Individual,Samantha,Evans,,1,3,1094232.67,364744.2233333333,3
C0511,Individual,Christine,Parker,,2,3,1090537.6,363512.5333333334,3
C0512,Individual,Hannah,Flores,,1,3,1448158.1400000001,482719.38000000006,3
C0513,Individual,Christian,Morales,27.247091033538673,2,3,974596.63,324865.54333333333,1
C0514,Individual,Rebecca,Evans,,1,4,1528027.54,382006.885,3
C0515,Individual,Melissa,Patterson,62.729637234770706,1,4,1561824.93,390456.2325,3
C0516,Individual,Lawrence,Nelson,,3,4,1437837.49,359459.3725,3
C0517,Individual,Harold,Thompson,,5,4,1115807.0,278951.75,1
C0518,Company,Lumina,Co,,3,4,1633111.65,408277.9125,2
C0519,Individual,Madison,Freeman,50.6694045174538,3,3,981719.26,327239.75333333336,1
C0520,Individual,Helen,White,56.31211498973306,3,3,1033523.16,344507.72000000003,1
C0521,Individual,Stephanie,Allen,59.175906913073234,3,4,1074306.5,268576.625,1
C0522,Individual,Nicole,Campbell,,5,3,993023.13,331007.71,1
C0523,Individual,Cynthia,Hansen,,2,3,928962.95,309654.31666666665,1
C0524,Individual,Harold,Thompson,,3,3,801104.6900000001,267034.89666666667,1
C0525,Individual,Frank,Gray,75.98083504449008,4,4,1629457.52,407364.38,3
C0526,Individual,Harold,Green,,5,3,1301139.77,433713.25666666665,3
C0527,Individual,Andrew,Baker,,2,3,1138099.7,379366.56666666665,3
C0528,Individual,Benjamin,Davis,25.82067077344285,2,3,1118472.87,372824.29000000004,3
C0529,Individual,Paul,Jordan,,4,4,1268138.95,317034.7375,1
C0530,Individual,Patricia,Reed,73.74127310061601,2,4,1559124.69,389781.1725,3
C0531,Individual,Emily,White,,1,4,1911300.7799999998,477825.19499999995,3
C0532,Individual,Lauren,Moore,46.8145106091718,2,4,1075202.77,268800.6925,1
C0533,Individual,Jeffrey,Williams,62.7460643394935,1,4,990028.19,247507.0475,1
C0534,Individual,Bryan,Miller,,1,3,1133195.2,377731.73333333334,3
C0535,Individual,Judith,Allen,,3,3,1299053.94,433017.98,3
C0536,Individual,Brittany,Weaver,,5,3,983106.8400000001,327702.28,1
C0537,Individual,Carl,Baker,,2,4,1490327.5,372581.875,3
C0538,Individual,Richard,Pierce,,1,4,1206897.7000000002,301724.42500000005,1
C0539,Individual,Lawrence,Bryant,,1,4,1645321.2,411330.3,3
C0540,Individual,Anna,Long,,3,3,494173.31,164724.43666666668,1
C0541,Individual,Anthony,Garcia,,3,4,1721673.54,430418.385,3
C0542,Company,Lumina,Co,,3,4,1195819.4,298954.85,2
C0543,Individual,Joan,Parker,,2,3,753145.67,251048.55666666667,1
C0544,Individual,Kevin,White,,2,4,1636756.28,409189.07,3
C0545,Individual,Paul,Griffin,83.83572895277207,1,3,1260126.39,420042.12999999995,3
C0546,Individual,Samuel,Flores,,4,3,795528.06,265176.02,1
C0547,Individual,Diane,Allen,,2,4,1178457.95,294614.4875,1
C0548,Individual,Christopher,Foster,46.1492128678987,2,3,1047476.9299999999,349158.9766666666,3
C0549,Individual,Daniel,Sanders,,4,3,941219.76,313739.92,1
C0550,Company,Vertex,Co,59.15674195756331,1,4,1414568.09,353642.0225,2
C0551,Individual,Billy,Freeman,,4,3,1007397.56,335799.1866666667,1
C0552,Individual,Kyle,Cook,,3,3,1141476.56,380492.1866666667,3
C0553,Individual,James,Bell,,3,3,821534.9400000001,273844.98000000004,1
C0554,Individual,Carl,Moore,,1,4,1643592.85,410898.2125,3
C0555,Individual,Aaron,Nelson,,4,3,1064533.27,354844.42333333334,3
C0556,Individual,Zachary,Sanders,,5,3,1335478.18,445159.3933333333,3
C0557,Individual,Judy,Griffin,,2,3,733161.98,244387.32666666666,1
C0558,Individual,Cheryl,Wood,,3,3,1033995.96,344665.32,1
C0559,Company,Corvus,Co,,5,4,1004028.87,251007.2175,2
C0560,Individual,Janice,Nelson,,3,3,1433718.12,477906.04000000004,3
C0561,Company,Bravada,Co,,3,4,1589252.43,397313.1075,2
C0562,Individual,Judy,Peterson,,5,4,1423675.7200000002,355918.93000000005,3
C0563,Individual,William,Howard,,2,4,1012807.9299999999,253201.98249999998,1
C0564,Individual,Scott,Adams,73.75496235455168,1,3,1135017.6,378339.2,3
C0565,Individual,Austin,Wood,,1,3,1043494.3200000001,347831.44,3
C0566,Individual,Janice,Miller,25.48665297741273,4,4,1167701.9,291925.475,1
C0567,Individual,Megan,Chavez,72.65982203969884,2,4,1869286.1,467321.525,3
C0568,Individual,Timothy,Wright,72.75017111567419,3,3,944335.88,314778.62666666665,1
C0569,Individual,Mary,Cook,54.49965776865161,5,3,1384749.3,461583.10000000003,3
C0570,Individual,Hannah,Peterson,61.00479123887748,5,4,1527210.47,381802.6175,3
C0571,Individual,Adam,Chavez,59.9233401779603,3,4,1549969.49,387492.3725,3
C0572,Individual,Ann,Johnson,32.56125941136208,5,4,1519677.44,379919.36,3
C0573,Company,Altira,Co,,4,3,785842.76,261947.58666666667,2
C0574,Individual,Gerald,Cox,,2,4,1261906.32,315476.58,1
C0575,Individual,Brian,Hansen,,2,3,1018391.27,339463.75666666665,1
C0576,Individual,Terry,Reyes,,1,3,1047406.79,349135.5966666667,1
C0577,Individual,Christopher,Miller,,3,3,693899.0099999999,231299.66999999995,1
C0578,Individual,Lauren,Rogers,,5,3,707276.53,235758.84333333335,1
C0579,Individual,Christopher,Ward,84.75017111567419,3,3,1198428.6400000001,399476.2133333334,3
C0580,Individual,Heather,Watson,77.59069130732375,2,4,2158954.7800000003,539738.6950000001,3
C0581,Individual,Kimberly,Stewart,,5,4,1029755.56,257438.89,1
C0582,Individual,Teresa,Pierce,86.31622176591375,3,3,708559.1499999999,236186.3833333333,1
C0583,Individual,Kevin,Scott,,2,4,1237228.18,309307.045,1
C0584,Individual,Janice,Taylor,43.58658453114305,5,3,1135691.62,378563.87333333335,3
C0585,Individual,Anthony,Edwards,65.3223819301848,3,4,1003690.1799999999,250922.54499999998,1
C0586,Individual,Noah,Morales,,2,3,1226524.31,408841.4366666667,3
C0587,Individual,Pamela,Richardson,,4,4,1093439.8399999999,273359.95999999996,1
C0588,Individual,Janice,White,,2,4,1495976.1400000001,373994.03500000003,3
C0589,Individual,Christopher,Williams,,5,4,1982246.22,495561.555,3
C0590,Individual,Arthur,Campbell,,2,4,1105388.8900000001,276347.22250000003,1
C0591,Individual,Dorothy,Long,57.752224503764545,1,3,1336217.65,445405.8833333333,3
C0592,Individual,Roger,Moore,54.247775496235455,2,3,787516.58,262505.5266666667,1
C0593,Individual,Elizabeth,Carter,73.82340862422998,2,4,2012063.38,503015.845,3
C0594,Individual,Diane,Patterson,83.84120465434634,1,3,1137572.87,379190.9566666667,3
C0595,Individual,Anna,Murray,59.663244353182755,3,3,914304.97,304768.3233333333,1
C0596,Individual,Gerald,Phillips,,4,4,1094771.49,273692.8725,1
C0597,Individual,Peter,King,,2,3,976844.1699999999,325614.7233333333,1
C0598,Individual,Jacob,Gray,,4,4,1398930.7000000002,349732.67500000005,3
C0599,Individual,Jennifer,Turner,,2,3,1162815.78,387605.26,3
C0600,Individual,Thomas,King,,1,3,917709.61,305903.2033333333,1
C0601,Individual,Lisa,Nelson,,4,4,1700411.72,425102.93,3
C0602,Individual,Albert,Hayes,,4,4,905508.82,226377.205,1
C0603,Individual,Diane,Thompson,32.407939767282684,4,4,1218095.3,304523.825,1
C0604,Individual,Danielle,Montgomery,,1,3,791133.03,263711.01,1
C0605,Individual,Nathan,Flores,,4,4,1407314.33,351828.5825,3
C0606,Individual,Carolyn,Stone,,1,3,1070969.53,356989.8433333333,1
C0607,Individual,Daniel,Edwards,,1,3,1125230.1199999999,375076.7066666666,3
C0608,Individual,Jerry,Adams,,4,4,1201411.56,300352.89,1
C0609,Individual,Julia,Richardson,,4,4,1307567.64,326891.91,3
C0610,Individual,Ann,Owens,56.07118412046543,4,3,1178597.68,392865.8933333333,3
C0611,Individual,Jacob,Price,75.49623545516769,4,4,1142671.94,285667.985,1
C0612,Individual,Kevin,Wood,,4,4,1671846.3,417961.575,3
C0613,Individual,Cynthia,Cox,30.67488021902806,4,3,1186019.52,395339.84,3
C0614,Individual,George,Bryant,54.40930869267625,3,4,1025958.38,256489.595,1
C0615,Individual,Jordan,King,69.39356605065024,2,4,919002.01,229750.5025,1
C0616,Individual,Julie,Brooks,,1,3,1013364.3,337788.10000000003,1
C0617,Individual,Carolyn,Evans,39.66050650239562,5,3,766861.21,255620.40333333332,1
C0618,Individual,Austin,Taylor,58.06707734428473,3,3,982803.0,327601.0,1
C0619,Individual,Heather,Morales,,4,3,1411977.41,470659.13666666666,3
C0620,Individual,Sarah,Howard,,3,3,1532429.29,510809.76333333337,3
C0621,Individual,Jonathan,Turner,,3,3,791609.11,263869.7033333333,1
C0622,Individual,Katherine,Ward,38.65571526351814,2,3,869334.73,289778.24333333335,1
C0623,Individual,Jonathan,Adams,,3,4,1410333.45,352583.3625,3
C0624,Individual,Carl,Jordan,25.754962354551676,3,3,1215611.54,405203.8466666667,3
C0625,Individual,Deborah,Hayes,42.91033538672142,2,4,1000166.88,250041.72,1
C0626,Individual,Sara,Jones,,2,3,1061694.1300000001,353898.0433333334,1
C0627,Individual,Katherine,Johnson,25.574264202600958,3,4,1870806.42,467701.605,3
C0628,Individual,Arthur,Campbell,,3,4,1623109.63,405777.4075,3
C0629,Individual,Maria,Richardson,79.9069130732375,2,3,961721.77,320573.92333333334,1
C0630,Individual,Stephen,Roberts,,2,4,1308077.6099999999,327019.40249999997,3
C0631,Individual,Dorothy,Flores,59.48254620123203,5,4,1534891.22,383722.805,3
C0632,Individual,Thomas,Nelson,,4,4,1146845.98,286711.495,1
C0633,Individual,Ann,Owens,85.06502395619438,3,4,1207516.26,301879.065,1
C0634,Individual,Justin,Ward,,4,3,1181693.63,393897.87666666665,3
C0635,Individual,Kimberly,King,,5,3,1375700.03,458566.6766666667,3
C0636,Individual,Kathleen,Rogers,45.56605065023956,5,4,981810.0800000001,245452.52000000002,1
C0637,Individual,Catherine,Stone,,2,4,1602478.07,400619.5175,3
C0638,Individual,Jason,King,51.331964407939765,5,4,1347045.42,336761.355,3
C0639,Individual,Mark,Campbell,65.25667351129364,3,3,861670.72,287223.5733333333,1
C0640,Individual,Emily,Thompson,59.26351813826147,3,3,772950.1699999999,257650.05666666664,1
C0641,Company,Zynex,Co,,2,3,1217213.26,405737.75333333336,2
C0642,Individual,Julia,Reyes,,4,3,1027140.61,342380.2033333333,1
C0643,Individual,Samantha,Richardson,52.0848733744011,5,3,928645.01,309548.33666666667,1
C0644,Individual,Teresa,Johnson,,4,3,1549624.23,516541.41,3
C0645,Individual,Arthur,Cox,,2,3,731453.53,243817.84333333335,1
C0646,Individual,Cynthia,Campbell,,5,3,1325311.83,441770.61000000004,3
C0647,Individual,Victoria,Green,80.32580424366871,4,4,2115520.42,528880.105,3
C0648,Individual,Stephanie,Reed,27.260780287474333,1,4,1142985.38,285746.345,1
C0649,Individual,Patricia,Mitchell,31.263518138261464,4,4,1401448.51,350362.1275,3
C0650,Company,Polaris,Co,,3,3,799742.26,266580.75333333336,2
C0651,Company,Horizon,Co,,1,4,1077094.73,269273.6825,2
C0652,Individual,Heather,Johnson,32.49007529089665,2,3,904157.22,301385.74,1
C0653,Individual,Gerald,Adams,,2,4,1215543.15,303885.7875,1
C0654,Individual,Eric,Griffin,66.07802874743327,2,3,865293.89,288431.2966666667,1
C0655,Individual,Patricia,King,,1,3,1071763.22,357254.4066666667,1
C0656,Individual,Amber,Allen,49.319644079397676,5,4,1288383.38,322095.845,3
C0657,Individual,Alexander,Allen,,2,3,1258111.3199999998,419370.43999999994,3
C0658,Individual,Kelly,Green,,3,3,1122021.28,374007.0933333333,3
C0659,Individual,Sara,Foster,37.661875427789184,4,4,1000550.86,250137.715,1
C0660,Individual,Charles,Kim,34.81998631074607,4,3,1148308.35,382769.45,3
C0661,Individual,Deborah,Williams,,3,4,1627713.0499999998,406928.26249999995,3
C0662,Individual,Stephanie,Kim,,3,4,1520239.97,380059.9925,3
C0663,Individual,Anthony,Flores,68.33675564681725,2,4,1544313.34,386078.335,3
C0664,Individual,Lawrence,Wood,,5,4,1063024.57,265756.1425,1
C0665,Individual,Robert,Adams,,1,3,704886.02,234962.00666666668,1
C0666,Individual,Maria,Davis,77.65366187542779,1,4,1532074.27,383018.5675,3
C0667,Individual,Anthony,Mitchell,59.912388774811774,2,4,1486560.06,371640.015,3
C0668,Individual,Margaret,Peterson,,4,4,987175.01,246793.7525,1
C0669,Individual,Cheryl,Bell,,3,3,1366533.49,455511.16333333333,3
C0670,Company,Altira,Co,,4,3,1631973.5499999998,543991.1833333332,2
C0671,Individual,Jerry,Pierce,84.48733744010951,4,3,759678.12,253226.04,1
C0672,Individual,Amber,Williams,59.238877481177276,2,3,1301968.05,433989.35000000003,3
C0673,Individual,Janice,Hayes,,4,3,870503.9000000001,290167.96666666673,1
C0674,Individual,Judy,Turner,,4,4,1733438.52,433359.63,3
C0675,Individual,Andrea,Wright,,5,3,1117159.17,372386.38999999996,3
C0676,Individual,Lisa,Davis,83.98083504449008,2,3,1022396.03,340798.6766666667,1
C0677,Individual,Jerry,Miller,44.75564681724846,2,4,1217015.1099999999,304253.77749999997,1
C0678,Individual,Joseph,Watson,,4,3,904050.87,301350.29,1
C0679,Individual,Lisa,Patterson,61.50581793292265,1,4,1945371.6800000002,486342.92000000004,3
C0680,Individual,Andrew,Griffin,,2,4,1533727.71,383431.9275,3
C0681,Company,Helios,Co,,3,4,736696.97,184174.2425,2
C0682,Individual,Donald,Bennett,52.98015058179329,5,4,1436006.22,359001.555,3
C0683,Individual,Patrick,Jordan,,2,3,1216565.53,405521.8433333333,3
C0684,Individual,Donald,Miller,40.6652977412731,1,4,1402625.45,350656.3625,3
C0685,Individual,Sharon,Hansen,,5,3,1129835.06,376611.6866666667,3
C0686,Individual,Michael,Howard,,1,3,1250166.33,416722.11000000004,3
C0687,Individual,Susan,Long,67.41957563312799,3,4,1532604.0,383151.0,3
C0688,Individual,Kathleen,Howard,57.50034223134839,5,4,1093762.42,273440.605,1
C0689,Individual,Ann,Williams,,4,3,1051259.37,350419.79000000004,1
C0690,Individual,Janet,Stewart,40.73648186173853,4,4,1402023.24,350505.81,3
C0691,Individual,Kenneth,Bell,,4,4,948552.89,237138.2225,1
C0692,Individual,Adam,Roberts,,3,4,1206585.87,301646.4675,1
C0693,Individual,Jesse,Chavez,,5,4,1831502.92,457875.73,3
C0694,Company,Sterling,Co,,2,4,1287767.07,321941.7675,2
C0695,Individual,Timothy,Rogers,,4,3,870451.65,290150.55,1
C0696,Individual,Carol,Green,32.24914442162902,5,4,1417025.49,354256.3725,3
C0697,Individual,Bryan,Mitchell,39.592060232717316,4,4,1203571.2,300892.8,1
C0698,Individual,Maria,Scott,,2,4,1560635.51,390158.8775,3
C0699,Individual,Stephen,Bennett,,1,3,1292445.15,430815.05,3
C0700,Individual,Christine,Sanders,,5,3,724453.7,241484.56666666665,1
C0701,Individual,Danielle,Peterson,,1,4,1318537.76,329634.44,3
C0702,Individual,Nicholas,Flores,,5,3,1215022.0,405007.3333333333,3
C0703,Company,Elara,Co,,3,3,938073.5700000001,312691.19,2
C0704,Individual,Nicole,Jordan,,4,3,1130778.86,376926.2866666667,1
C0705,Individual,Timothy,Murray,,3,3,1643383.67,547794.5566666666,3
C0706,Individual,Kyle,Thomas,,2,3,1034954.84,344984.94666666666,1
C0707,Individual,Zachary,Richardson,,5,4,1171255.22,292813.805,1
C0708,Individual,Brian,Cook,,2,3,1539340.8699999999,513113.6233333333,3
C0709,Individual,Samantha,Price,43.578370978781656,2,4,1233960.52,308490.13,1
C0710,Individual,Kyle,Bryant,,2,4,1158001.3599999999,289500.33999999997,1
C0711,Individual,Victoria,Hughes,,3,4,1045658.54,261414.635,1
C0712,Individual,Joseph,Scott,,1,3,701688.31,233896.10333333336,1
C0713,Individual,Debra,Thomas,,3,3,946537.74,315512.58,1
C0714,Individual,Kyle,Murray,49.41820670773443,3,3,1520218.18,506739.3933333333,3
C0715,Individual,Janice,Wilson,43.832991101984945,3,3,1151372.75,383790.9166666667,3
C0716,Individual,Jordan,Davis,,1,3,1173245.74,391081.91333333333,3
C0717,Individual,Virginia,Weaver,79.98904859685148,3,3,1000529.6699999999,333509.88999999996,1
C0718,Individual,Martha,Scott,81.65639972621491,2,3,900157.9099999999,300052.63666666666,1
C0719,Individual,Jason,Jordan,51.92607802874743,2,3,912916.77,304305.59,1
C0720,Individual,Shirley,Wilson,,1,4,844316.69,211079.1725,1
C0721,Individual,Julia,Jordan,27.247091033538673,4,4,1167212.02,291803.005,1
C0722,Individual,Carol,Sanders,82.73237508555783,1,3,936104.05,312034.68333333335,1
C0723,Individual,Ann,Hansen,,3,3,1554043.79,518014.5966666667,3
C0724,Individual,Samuel,Howard,,4,4,1564795.28,391198.82,3
C0725,Individual,Katherine,Jones,42.92402464065709,3,3,1557779.53,519259.8433333333,3
C0726,Individual,Melissa,Harris,,4,4,1055406.17,263851.5425,1
C0727,Individual,Ronald,Bell,,3,4,1924218.25,481054.5625,3
C0728,Individual,Jason,Jones,,3,3,896046.43,298682.14333333337,1
C0729,Individual,Raymond,Long,82.41752224503765,3,3,1100578.42,366859.4733333333,3
C0730,Individual,Gregory,Baker,38.072553045859,4,3,1395460.54,465153.51333333337,3
C0731,Individual,Larry,Harris,,5,4,2163873.35,540968.3375,3
C0732,Individual,Justin,Peterson,41.256673511293634,5,4,1763602.47,440900.6175,3
C0733,Individual,Susan,White,50.42026009582478,5,3,1610480.1,536826.7000000001,3
C0734,Individual,Danielle,Ward,,5,3,894573.22,298191.0733333333,1
C0735,Individual,Matthew,Long,31.81930184804928,4,3,1082670.51,360890.17,1
C0736,Individual,Jordan,Campbell,,3,3,961660.45,320553.48333333334,1
C0737,Individual,Harold,Harris,,3,3,1271295.42,423765.13999999996,3
C0738,Individual,Jose,White,,5,4,1217179.49,304294.8725,1
C0739,Individual,Albert,Turner,,2,4,1239915.48,309978.87,1
C0740,Individual,Julia,Bell,59.49075975359343,1,3,1150084.72,383361.5733333333,3
C0741,Individual,Sandra,Stone,63.81656399726215,2,3,808100.3,269366.76666666666,1
C0742,Individual,Bryan,Howard,,1,3,943082.4199999999,314360.80666666664,1
C0743,Individual,Joshua,Allen,53.73305954825462,4,3,973707.31,324569.10333333333,1
C0744,Individual,Helen,Morales,75.56741957563312,1,3,947393.7,315797.89999999997,1
C0745,Individual,Emily,Collins,,5,4,1137226.12,284306.53,1
C0746,Individual,Gary,Reyes,,4,4,1485041.45,371260.3625,3
C0747,Individual,George,Patterson,,4,3,1321142.35,440380.7833333334,3
C0748,Company,Vantage,Co,52.251882272416154,1,3,1188736.23,396245.41,2
C0749,Individual,Dorothy,Anderson,,5,3,1170883.93,390294.6433333333,3
C0750,Individual,Janice,Price,49.99041752224504,1,3,887696.78,295898.9266666667,1
C0751,Individual,Keith,Parker,,5,4,1055948.97,263987.2425,1
C0752,Individual,Lisa,Young,,3,4,836214.24,209053.56,1
C0753,Individual,Nicholas,Patterson,,5,4,1053102.32,263275.58,1
C0754,Individual,Teresa,Johnson,,3,4,1300009.56,325002.39,1
C0755,Company,Celera,Co,,5,3,1040997.25,346999.0833333333,2
C0756,Individual,Jessica,Patterson,,5,3,785768.09,261922.69666666666,1
C0757,Individual,Keith,Taylor,80.07392197125257,3,4,1392690.1199999999,348172.52999999997,3
C0758,Individual,Joe,Allen,67.81382614647502,2,4,1135189.16,283797.29,1
C0759,Individual,Samuel,Anderson,,4,3,1327801.32,442600.44,3
C0760,Individual,Amanda,Adams,,3,4,1288008.21,322002.0525,3
C0761,Individual,Joyce,Patterson,,2,4,1387948.07,346987.0175,3
C0762,Individual,Anna,Young,58.92950034223135,4,4,1456185.33,364046.3325,3
C0763,Company,Summit,Co,,3,3,1036781.97,345593.99,2
C0764,Individual,Debra,Parker,43.318275154004105,4,4,1670624.74,417656.185,3
C0765,Individual,Joe,Green,,3,4,1516418.29,379104.5725,3
C0766,Individual,Robert,Bennett,31.750855578370977,3,4,1601876.1400000001,400469.03500000003,3
C0767,Individual,David,Brown,65.33607118412047,2,4,1403932.48,350983.12,3
C0768,Individual,Matthew,Weaver,,5,3,1048127.47,349375.8233333333,3
C0769,Individual,Nicole,Long,,4,3,675607.7899999999,225202.59666666665,1
C0770,Individual,Shirley,Hall,75.31827515400411,4,3,984598.73,328199.57666666666,1
C0771,Company,Quasar,Co,41.987679671457904,1,4,1856997.08,464249.27,2
C0772,Individual,Ethan,White,,1,3,911164.52,303721.50666666665,1
C0773,Individual,Christopher,Taylor,61.48665297741273,1,4,1451465.46,362866.365,3
C0774,Individual,David,Wood,,5,3,999792.6799999999,333264.2266666666,3
C0775,Individual,Andrea,Reyes,,1,4,1043608.37,260902.0925,1
C0776,Individual,Ashley,Morales,59.983572895277206,4,3,914465.3300000001,304821.7766666667,1
C0777,Company,Meridian,Co,,1,3,1130759.4100000001,376919.8033333334,2
C0778,Individual,George,Pierce,,4,4,1646921.92,411730.48,3
C0779,Individual,Lisa,Hughes,73.16632443531827,5,3,1221957.12,407319.04000000004,3
C0780,Individual,Martha,Hansen,78.84462696783025,3,3,708761.6900000001,236253.8966666667,1
C0781,Individual,Gerald,Sanders,,5,4,1181206.69,295301.6725,1
C0782,Individual,Ethan,Williams,55.67419575633128,2,4,1166638.1600000001,291659.54000000004,1
C0783,Individual,Betty,Sanders,,1,3,1031472.36,343824.12,1
C0784,Individual,Charles,Baker,,4,3,1172514.65,390838.2166666666,3
C0785,Company,Rexon,Co,,2,4,1047112.48,261778.12,2
C0786,Individual,Sarah,Martin,,3,3,663797.37,221265.79,1
C0787,Individual,Andrew,Jackson,,1,3,1405947.6600000001,468649.22000000003,3
C0788,Individual,Matthew,Stone,,4,4,1799447.01,449861.7525,3
C0789,Individual,Madison,Price,52.16427104722793,1,3,1125271.6,375090.5333333334,3
C0790,Individual,Brandon,Cooper,,5,4,1521440.8599999999,380360.21499999997,3
C0791,Individual,Walter,Adams,43.408624229979466,4,4,1424465.81,356116.4525,1
C0792,Individual,Joseph,Richardson,,4,4,1559979.82,389994.955,3
C0793,Individual,Kevin,Brown,56.7501711156742,4,4,1245234.35,311308.5875,1
C0794,Individual,Gregory,Mitchell,75.31279945242984,4,3,1120488.77,373496.25666666665,3
C0795,Individual,Harold,Murray,,4,3,1170869.0899999999,390289.6966666666,3
C0796,Individual,Stephanie,Ward,43.15126625598905,5,3,559596.54,186532.18000000002,1
C0797,Individual,Joan,Gray,35.9917864476386,5,3,881179.3,293726.43333333335,1
C0798,Company,Novex,Co,,4,4,987267.48,246816.87,2
C0799,Individual,Pamela,Johnson,,4,4,1108935.8599999999,277233.96499999997,1
C0800,Individual,Lawrence,Smith,52.421629021218344,5,3,983573.1799999999,327857.7266666666,1
C0801,Individual,Betty,Price,57.17180013689254,4,3,1361712.2999999998,453904.0999999999,3
C0802,Individual,Matthew,Williams,55.56741957563313,5,3,1074480.81,358160.27,3
C0803,Individual,Evelyn,Moore,,4,4,1542819.53,385704.8825,3
C0804,Individual,Tyler,Cook,59.40041067761807,5,3,1223755.92,407918.63999999996,3
C0805,Individual,Albert,Cook,,1,3,940964.73,313654.91,1
C0806,Individual,Jack,Richardson,,5,4,1485168.27,371292.0675,3
C0807,Individual,Amy,Chavez,,5,4,1635419.92,408854.98,3
C0808,Individual,Gregory,Ward,,3,3,885158.15,295052.7166666667,1
C0809,Individual,Hannah,Alexander,,5,3,1386118.19,462039.39666666667,3
C0810,Individual,Ronald,Sanders,,1,3,922597.5800000001,307532.5266666667,1
C0811,Individual,Carl,Allen,,3,3,1515201.05,505067.01666666666,3
C0812,Individual,Harold,Cooper,,3,4,1443224.01,360806.0025,3
C0813,Individual,Gerald,Cook,51.64955509924709,3,4,1314024.52,328506.13,1
C0814,Individual,Joan,Stewart,,2,3,674363.74,224787.91333333333,1
C0815,Company,Horizon,Co,60.577686516084874,4,3,962374.6499999999,320791.55,2
C0816,Individual,Deborah,Wright,,2,3,1003090.8500000001,334363.6166666667,1
C0817,Individual,Grace,Thompson,54.064339493497606,1,3,1338281.0,446093.6666666667,3
C0818,Company,Sterling,Co,34.74058863791923,2,4,760443.3500000001,190110.83750000002,2
C0819,Individual,Jose,Bryant,,5,3,1239378.27,413126.09,3
C0820,Individual,Judith,Collins,,4,3,920197.78,306732.5933333333,1
C0821,Individual,Elizabeth,Moore,68.75017111567419,5,3,1371213.26,457071.08666666667,3
C0822,Individual,Jessica,Weaver,,3,3,1407630.29,469210.0966666667,3
C0823,Individual,Nancy,Hayes,,5,4,1722388.8900000001,430597.22250000003,3
C0824,Individual,Douglas,Cox,50.00958247775496,3,3,1234378.85,411459.6166666667,3
C0825,Individual,Ruth,Hughes,,4,4,1246198.0,311549.5,1
C0826,Individual,Jason,Stewart,55.73169062286105,4,4,1255265.82,313816.455,3
C0827,Individual,Ruth,Wright,,2,4,1176467.77,294116.9425,1
C0828,Individual,Elizabeth,Stewart,78.652977412731,4,4,1313574.2,328393.55,1
C0829,Individual,Jonathan,Stewart,,3,4,1296844.19,324211.0475,1
C0830,Individual,William,Martin,,3,4,1518798.69,379699.6725,3
C0831,Individual,Judith,Martin,,2,3,909532.47,303177.49,1
C0832,Individual,Dorothy,Ward,36.40246406570842,3,3,1290741.99,430247.33,3
C0833,Individual,Roger,Green,74.57905544147845,5,3,1422486.6099999999,474162.2033333333,3
C0834,Individual,Helen,Parker,,5,4,1384660.54,346165.135,1
C0835,Individual,Maria,Foster,51.997262149212865,5,4,1159317.69,289829.4225,1
C0836,Individual,Adam,Sanders,84.33127994524298,4,3,1280715.29,426905.0966666667,3
C0837,Individual,Peter,Montgomery,58.997946611909654,1,4,1415445.71,353861.4275,3
C0838,Individual,Jacob,Morris,34.16563997262149,1,3,837604.3,279201.43333333335,1
C0839,Individual,Elizabeth,Baker,,5,3,1123967.69,374655.89666666667,3
C0840,Individual,Elizabeth,Wilson,44.591375770020534,1,4,1508352.25,377088.0625,3
C0841,Individual,Timothy,Cooper,27.329226557152634,5,4,1344816.1,336204.025,3
C0842,Individual,Keith,Morales,,5,4,1082477.8199999998,270619.45499999996,1
C0843,Individual,Amanda,Hansen,25.50034223134839,4,3,1377127.37,459042.4566666667,3
C0844,Individual,Margaret,Scott,,2,4,1363201.96,340800.49,3
C0845,Individual,Ashley,Long,32.747433264887064,3,3,1355270.16,451756.72,3
C0846,Individual,Martha,Harris,,3,3,1069033.77,356344.59,3
C0847,Individual,Nicole,James,,2,4,1258765.46,314691.365,1
C0848,Individual,Aaron,Hughes,,4,4,1366788.33,341697.0825,3
C0849,Individual,Brian,Wilson,49.14989733059548,1,4,1262931.66,315732.915,1
C0850,Individual,Judy,Stone,,5,3,528432.48,176144.16,1
C0851,Individual,Kyle,White,,2,4,1482957.8800000001,370739.47000000003,3
C0852,Individual,Carl,Brown,,2,4,1368458.37,342114.5925,3
C0853,Individual,Gerald,Bryant,75.82751540041068,4,4,1293562.22,323390.555,1
C0854,Individual,David,Reyes,,4,3,1419031.6099999999,473010.5366666666,3
C0855,Individual,Amanda,Foster,53.23750855578371,4,4,1198702.15,299675.5375,1
C0856,Individual,Janice,Chavez,,5,4,1565508.99,391377.2475,3
C0857,Individual,Danielle,Ward,75.06913073237509,1,4,1431064.56,357766.14,3
C0858,Individual,Samuel,Howard,31.89869952087611,1,3,972150.6,324050.2,1
C0859,Individual,Megan,Anderson,83.50444900752909,2,4,1440623.8900000001,360155.97250000003,3
C0860,Individual,Virginia,Morales,57.90554414784394,5,4,1362579.84,340644.96,3
C0861,Individual,Christine,Peterson,31.835728952772072,2,3,1527460.57,509153.5233333334,3
C0862,Individual,Amanda,Jordan,,1,3,1354421.9100000001,451473.97000000003,3
C0863,Individual,Brandon,Peterson,,5,4,1107744.96,276936.24,1
C0864,Individual,Noah,Kim,55.912388774811774,3,3,1085548.02,361849.34,1
C0865,Individual,Rebecca,Gray,,5,4,1268059.13,317014.7825,3
C0866,Individual,Lawrence,Bryant,,3,4,1331713.08,332928.27,1
C0867,Individual,Julia,Davis,59.148528405201915,2,3,1028747.3,342915.76666666666,1
C0868,Individual,Victoria,Rogers,,3,3,987211.1699999999,329070.38999999996,1
C0869,Individual,Jose,Roberts,33.24572210814511,4,3,858807.13,286269.04333333333,1
C0870,Company,Harmon,Co,59.75906913073238,2,4,1097902.26,274475.565,2
C0871,Individual,Pamela,Pierce,,1,4,1939848.53,484962.1325,3
C0872,Individual,Sarah,Bennett,,4,4,1462320.39,365580.0975,3
C0873,Individual,Gerald,Murray,85.73579739904176,2,3,1325777.78,441925.9266666667,3
C0874,Individual,Debra,Murray,,2,4,1490289.1099999999,372572.27749999997,3
C0875,Individual,Jeffrey,Evans,53.90554414784394,4,3,1308981.48,436327.16,3
C0876,Individual,Benjamin,Chavez,,3,3,873771.52,291257.17333333334,1
C0877,Individual,Jennifer,Weaver,,2,3,1407650.4,469216.8,3
C0878,Individual,Ashley,Hansen,,4,3,970670.1499999999,323556.7166666666,1
C0879,Individual,Brandon,Adams,,4,3,1349121.32,449707.1066666667,3
C0880,Individual,Judith,Bennett,,2,4,1390002.6400000001,347500.66000000003,3
C0881,Individual,Ruth,Weaver,,1,4,1247321.2,311830.3,1
C0882,Individual,Peter,Moore,25.911019849418206,3,3,1142828.1400000001,380942.7133333334,3
C0883,Individual,Gerald,Thompson,,4,4,1979258.27,494814.5675,3
C0884,Individual,Joe,Reed,77.07871321013005,2,3,1021697.5,340565.8333333333,1
C0885,Individual,Michael,Williams,,2,3,1540844.02,513614.67333333334,3
C0886,Individual,Joseph,Brooks,,3,3,807556.47,269185.49,1
C0887,Individual,Joan,Bryant,,3,4,1247287.09,311821.7725,1
C0888,Individual,Sharon,Montgomery,,4,4,1104713.19,276178.2975,1
C0889,Individual,Scott,Campbell,,4,3,1339350.5899999999,446450.1966666666,3
C0890,Individual,Julie,Nelson,,3,4,1138394.29,284598.5725,1
C0891,Individual,Raymond,Roberts,,1,4,1340373.08,335093.27,3
C0892,Individual,Helen,Watson,68.0,2,3,984121.3999999999,328040.4666666666,1
C0893,Individual,Evelyn,Thompson,,3,4,1695839.47,423959.8675,3
C0894,Individual,Carl,Evans,,5,3,882067.47,294022.49,1
C0895,Individual,Amanda,Rogers,,4,3,1127680.6,375893.5333333334,3
C0896,Individual,Timothy,Jones,56.082135523613964,4,4,1157933.44,289483.36,1
C0897,Individual,Ann,Foster,54.836413415468854,1,3,745691.65,248563.88333333333,1
C0898,Individual,Deborah,King,,5,4,836494.02,209123.505,1
C0899,Company,Apex,Co,,2,3,1050407.63,350135.87666666665,2
C0900,Individual,Betty,Cook,,4,3,606058.22,202019.40666666665,1
C0901,Individual,Gregory,Allen,,4,3,909138.8400000001,303046.28,1
C0902,Company,Peerex,Co,62.313483915126625,3,4,1281064.76,320266.19,2
C0903,Individual,Christine,Morales,,3,3,1108147.6099999999,369382.5366666666,1
C0904,Individual,Nancy,Brooks,42.24229979466119,1,4,1050355.29,262588.8225,1
C0905,Individual,Emma,Allen,,5,3,877477.72,292492.5733333333,1
C0906,Individual,Jacqueline,Baker,,5,4,1757967.56,439491.89,3
C0907,Individual,Danielle,Scott,,3,3,1375380.46,458460.1533333333,3
C0908,Individual,Carl,Kim,,4,4,1129941.35,282485.3375,1
C0909,Individual,Brandon,Turner,58.90485968514716,1,4,1529455.73,382363.9325,3
C0910,Individual,Victoria,Jackson,,3,3,1293598.48,431199.49333333335,3
C0911,Individual,Donald,Long,,4,4,1310405.32,327601.33,3
C0912,Individual,Christina,Freeman,77.06776180698152,1,3,1322130.05,440710.01666666666,3
C0913,Individual,Nathan,Hansen,,4,4,1935637.92,483909.48,3
C0914,Individual,Helen,Freeman,77.64544832306639,4,4,1124290.78,281072.695,1
C0915,Individual,Ronald,Harris,,2,3,1309768.71,436589.57,3
C0916,Individual,Nathan,Hansen,38.31622176591376,2,4,1377591.46,344397.865,3
C0917,Individual,Kenneth,Hughes,56.84325804243669,2,3,756785.49,252261.83,1
C0918,Individual,Susan,Cook,,4,3,1461361.8699999999,487120.6233333333,3
C0919,Individual,Barbara,Foster,,5,3,1059524.55,353174.85000000003,1
C0920,Individual,Christian,Williams,52.648870636550306,4,3,878368.79,292789.5966666667,1
C0921,Individual,Christina,Reyes,27.238877481177276,4,3,802736.76,267578.92,1
C0922,Individual,Joe,Bell,,4,3,1105753.98,368584.66,1
C0923,Individual,Ruth,Richardson,,3,4,1183422.85,295855.7125,1
C0924,Individual,Emily,Wright,,4,4,1558670.83,389667.7075,3
C0925,Individual,Michael,Ward,82.0643394934976,2,3,1308035.02,436011.67333333334,3
C0926,Individual,Lauren,Harris,65.1690622861054,3,3,1078841.73,359613.91,1
C0927,Individual,Carol,Hayes,63.58384668035592,4,3,933499.38,311166.46,1
C0928,Individual,Jordan,Jordan,,1,3,758070.13,252690.04333333333,1
C0929,Individual,Jack,Hall,,4,3,1167841.72,389280.5733333333,1
C0930,Individual,Debra,Moore,,1,3,924305.53,308101.8433333333,1
C0931,Individual,Daniel,Parker,,2,3,997418.61,332472.87,1
C0932,Individual,Kathleen,Moore,,5,4,1468310.6600000001,367077.66500000004,3
C0933,Individual,Kimberly,Johnson,70.7542778918549,4,3,1077170.94,359056.98,1
C0934,Individual,Barbara,Allen,82.67488021902807,5,3,912489.5900000001,304163.1966666667,1
C0935,Individual,Katherine,Cooper,,4,3,1133032.49,377677.49666666664,3
C0936,Individual,Carolyn,Brooks,75.15400410677618,3,3,782945.97,260981.99,1
C0937,Individual,Gerald,Chavez,44.172484599589325,5,4,1370340.9100000001,342585.22750000004,3
C0938,Individual,William,Chavez,63.07734428473648,4,3,854217.7,284739.23333333334,1
C0939,Individual,Anna,Alexander,48.336755646817245,1,4,1190833.68,297708.42,1
C0940,Individual,Kyle,Bell,,5,4,1628937.85,407234.4625,3
C0941,Individual,Grace,Moore,,1,3,1028314.09,342771.36333333334,1
C0942,Individual,Joan,Jackson,,1,4,1402631.76,350657.94,1
C0943,Individual,Karen,Cox,,5,3,975048.28,325016.0933333333,1
C0944,Individual,Virginia,Hughes,,2,3,1256722.03,418907.3433333333,3
C0945,Individual,Emily,Hayes,80.75017111567419,4,3,973406.55,324468.85000000003,1
C0946,Individual,Ashley,Weaver,79.92060232717317,3,3,827605.63,275868.54333333333,1
C0947,Individual,Samantha,Cox,,2,3,1096583.29,365527.76333333337,3
C0948,Individual,Emma,Nelson,,3,4,1532000.51,383000.1275,3
C0949,Individual,Julia,Price,,5,4,1397057.95,349264.4875,3
C0950,Individual,Christina,Price,34.483230663928815,5,4,1418212.48,354553.12,3
C0951,Individual,Rachel,Chavez,,1,4,1658301.92,414575.48,3
C0952,Individual,Ann,Martin,66.7542778918549,5,4,1886501.9300000002,471625.48250000004,3
C0953,Company,Helios,Co,,5,3,639815.0,213271.66666666666,2
C0954,Individual,Michael,Evans,76.15879534565366,4,4,1493788.0,373447.0,3
C0955,Individual,Megan,Garcia,57.39630390143737,1,3,1098111.78,366037.26,1
C0956,Individual,Donald,Jackson,60.238193018480494,1,4,1647197.45,411799.3625,3
C0957,Company,Crestwood,Co,,2,4,1295242.02,323810.505,2
C0958,Individual,Betty,Rogers,34.902121834360024,1,4,936091.4500000001,234022.86250000002,1
C0959,Individual,Carl,Hayes,,3,4,1840159.66,460039.915,3
C0960,Individual,Linda,Bennett,66.17659137577002,1,4,1380084.58,345021.145,3
C0961,Individual,Brandon,Morales,51.83846680355921,2,4,1681311.67,420327.9175,3
C0962,Individual,Nicholas,Hansen,,4,4,1335726.82,333931.705,3
C0963,Individual,James,Davis,84.82135523613962,4,3,598874.99,199624.99666666667,1
C0964,Individual,Elizabeth,Hall,,4,3,1015121.6900000001,338373.89666666667,1
C0965,Individual,Lauren,Adams,,3,3,840199.6100000001,280066.5366666667,1
C0966,Company,Corvus,Co,30.650239561943874,3,4,1606785.0499999998,401696.26249999995,2
C0967,Individual,Jennifer,Moore,,2,3,705599.66,235199.8866666667,1
C0968,Individual,Julie,Hansen,,4,3,1089074.71,363024.9033333333,3
C0969,Individual,Amber,Ward,,1,3,1118760.19,372920.0633333333,3
C0970,Individual,Peter,Johnson,39.50992470910335,3,4,1596404.25,399101.0625,3
C0971,Individual,Cynthia,Mitchell,57.007529089664615,5,4,1278450.05,319612.5125,1
C0972,Individual,Sandra,Evans,,5,4,1298009.03,324502.2575,3
C0973,Individual,Charles,Stone,33.503080082135526,2,4,1595817.1600000001,398954.29000000004,3
C0974,Individual,Michael,Hansen,,1,4,1210990.11,302747.5275,1
C0975,Individual,Gregory,Reyes,79.9069130732375,4,3,941310.61,313770.2033333333,1
C0976,Individual,Ryan,Miller,,4,4,1206149.98,301537.495,1
C0977,Individual,Ryan,James,30.16016427104723,1,3,944672.95,314890.98333333334,1
C0978,Individual,Lauren,Brown,62.56536618754278,4,3,1449360.9100000001,483120.3033333334,3
C0979,Individual,Madison,Roberts,,4,3,864661.4500000001,288220.48333333334,1
C0980,Individual,Daniel,Davis,,1,3,1156326.6400000001,385442.2133333334,3
C0981,Individual,Jessica,Stewart,,1,4,2048324.19,512081.0475,3
C0982,Individual,Joyce,Jackson,64.90896646132786,5,3,1443503.73,481167.91,3
C0983,Individual,Brittany,Freeman,,4,3,803219.7,267739.89999999997,1
C0984,Individual,Mark,Johnson,63.50444900752909,5,3,1206529.21,402176.4033333333,3
C0985,Individual,Ruth,Griffin,,1,3,886990.72,295663.5733333333,1
C0986,Individual,Jacqueline,Ward,,2,3,1445226.07,481742.0233333334,3
C0987,Individual,Maria,Johnson,,1,4,1086018.36,271504.59,1
C0988,Individual,Douglas,Cooper,,3,3,695033.8,231677.93333333335,1
C0989,Individual,Amber,Cook,,4,4,1129907.31,282476.8275,1
C0990,Individual,Carl,Carter,,4,4,1588383.3599999999,397095.83999999997,3
C0991,Individual,Heather,Adams,,1,3,1223116.15,407705.3833333333,3
C0992,Individual,Scott,Hughes,,1,4,1478482.61,369620.6525,3
C0993,Individual,Ryan,Campbell,72.23545516769336,2,3,530494.44,176831.47999999998,1
C0994,Individual,Michael,Moore,,3,4,1379902.8699999999,344975.71749999997,3
C0995,Individual,Amanda,Kim,,1,3,1004120.77,334706.92333333334,1
C0996,Individual,Terry,Howard,69.98220396988364,2,3,888968.0,296322.6666666667,1
C0997,Individual,Terry,Collins,76.23545516769336,3,3,1607877.07,535959.0233333333,3
C0998,Company,Grandis,Co,57.08145106091718,4,4,1230552.15,307638.0375,2
C0999,Individual,Jacqueline,Cox,,3,3,661984.35,220661.44999999998,1
C1000,Individual,Judith,Parker,,2,4,1629372.23,407343.0575,3
C1001,Individual,Aaron,Nelson,,3,4,1650296.94,412574.235,3
C1002,Individual,Scott,Hughes,58.992470910335385,5,3,1064050.72,354683.5733333333,3
C1003,Individual,Lauren,Bennett,48.81587953456537,2,3,1164909.23,388303.07666666666,3
C1004,Individual,Alexander,Anderson,,3,4,1553467.6600000001,388366.91500000004,3
C1005,Individual,Barbara,Chavez,37.99315537303217,3,3,778101.6000000001,259367.20000000004,1
C1006,Individual,Stephanie,Weaver,,1,3,738938.8,246312.93333333335,1
C1007,Individual,Joyce,Brooks,,4,3,813104.68,271034.89333333337,1
C1008,Company,Sterling,Co,38.67488021902806,2,4,1018262.69,254565.6725,2
C1009,Individual,Evelyn,Bell,76.31211498973306,4,3,741160.04,247053.34666666668,1
C1010,Individual,Dennis,Moore,62.23682409308692,4,4,1331479.73,332869.9325,3
C1011,Individual,Virginia,Brooks,,1,4,1281389.3900000001,320347.34750000003,1
C1012,Individual,Raymond,Morales,,4,3,1690270.5,563423.5,3
C1013,Individual,Stephanie,Patterson,,1,4,1627907.97,406976.9925,3
C1014,Individual,David,Weaver,57.40999315537303,3,3,1278106.36,426035.45333333337,3
C1015,Individual,Kyle,Davis,48.75838466803559,4,3,884426.51,294808.83666666667,1
C1016,Individual,Andrea,Wilson,50.16563997262149,4,4,1542774.6099999999,385693.65249999997,3
C1017,Individual,Megan,Baker,,1,4,1116371.43,279092.8575,1
C1018,Individual,Tiffany,Turner,,5,3,845680.5700000001,281893.5233333334,1
C1019,Individual,Carolyn,Stewart,,2,3,1167255.18,389085.06,3
C1020,Individual,Deborah,Morales,,3,4,1248826.8599999999,312206.71499999997,1
C1021,Individual,Jeffrey,Bryant,51.75085557837098,1,4,1554739.9,388684.975,3
C1022,Individual,Christina,King,,1,4,1389709.13,347427.2825,3
C1023,Individual,Heather,Bell,,1,3,1336237.87,445412.62333333335,3
C1024,Individual,Gregory,Long,56.837782340862425,2,3,1351032.92,450344.30666666664,3
C1025,Individual,Michelle,King,,1,3,738424.1799999999,246141.3933333333,1
C1026,Individual,Robert,Parker,34.8145106091718,1,3,1440775.1,480258.3666666667,3
C1027,Individual,Gerald,White,49.4839151266256,1,3,1554407.81,518135.9366666667,3
C1028,Individual,Nicholas,Cox,84.1615331964408,1,4,1143826.71,285956.6775,1
C1029,Individual,Ryan,Jackson,76.57768651608487,1,3,946560.97,315520.3233333333,1
C1030,Individual,Christine,Owens,,4,4,1353543.06,338385.765,1
C1031,Individual,Alexander,Reed,,1,3,1011333.2,337111.06666666665,1
C1032,Individual,Larry,Freeman,49.41820670773443,5,4,1494289.73,373572.4325,3
C1033,Individual,Eric,Jackson,,2,4,1496120.51,374030.1275,3
C1034,Individual,Andrea,Wilson,,5,4,1200049.6,300012.4,1
C1035,Individual,Jacob,Williams,65.3141683778234,2,4,1528550.1300000001,382137.53250000003,3
C1036,Individual,Martha,Collins,,2,3,1176436.08,392145.36000000004,3
C1037,Company,Corvus,Co,56.421629021218344,2,3,1115637.13,371879.0433333333,2
C1038,Individual,Gerald,Gray,,3,3,907128.2000000001,302376.0666666667,1
C1039,Individual,Nicholas,Carter,,1,4,1428452.94,357113.235,3
C1040,Individual,Joseph,Young,86.16563997262149,5,3,901095.79,300365.26333333337,1
C1041,Individual,Evelyn,Morris,35.493497604380565,5,3,1150040.79,383346.93,3
C1042,Individual,Rebecca,Parker,80.83778234086242,2,4,1325783.46,331445.865,3
C1043,Individual,Carol,Griffin,,5,3,1067911.8599999999,355970.61999999994,3
C1044,Individual,Eric,Howard,,5,4,1368036.3900000001,342009.09750000003,1
C1045,Individual,Rebecca,Allen,84.17796030116358,3,3,974840.03,324946.6766666667,1
C1046,Individual,Maria,Wood,,4,4,1301128.39,325282.0975,1
C1047,Individual,Ronald,Reyes,41.478439425051334,3,3,1333737.83,444579.2766666667,3
C1048,Individual,Angela,Turner,,1,3,1349339.41,449779.8033333333,3
C1049,Individual,Tiffany,Sanders,85.57973990417523,5,3,1214294.1600000001,404764.72000000003,3
C1050,Individual,Tyler,Watson,70.67214236824093,4,4,1274655.09,318663.7725,1
C1051,Individual,Cheryl,Hansen,,1,3,894972.26,298324.08666666667,1
C1052,Individual,Kimberly,Parker,,1,4,1008000.54,252000.135,1
C1053,Individual,Adam,Kim,51.56741957563313,2,3,1280976.9,426992.3,3
C1054,Individual,Edward,Foster,36.7501711156742,2,3,837920.5800000001,279306.86000000004,1
C1055,Individual,Jonathan,Bennett,,2,3,811498.78,270499.5933333333,1
C1056,Individual,Larry,Wilson,,1,3,1436352.77,478784.25666666665,3
C1057,Individual,Jesse,Garcia,,5,4,1430593.53,357648.3825,3
C1058,Individual,Rachel,Weaver,52.98015058179329,3,4,1526007.8199999998,381501.95499999996,3
C1059,Individual,Danielle,Davis,,4,3,1266979.76,422326.58666666667,3
C1060,Individual,Christian,Evans,,5,3,1167625.18,389208.3933333333,3
C1061,Individual,Stephanie,Smith,66.00958247775496,1,4,1689767.29,422441.8225,3
C1062,Individual,Billy,Foster,,4,4,1766882.53,441720.6325,3
C1063,Individual,Nicole,Weaver,37.497604380561256,5,3,1315820.94,438606.98,3
C1064,Individual,Brandon,Pierce,80.82956878850102,5,3,695434.77,231811.59,1
C1065,Individual,Mark,Reyes,71.4113620807666,3,3,1107631.34,369210.4466666667,3
C1066,Individual,Ashley,Moore,,1,4,1208868.77,302217.1925,1
C1067,Individual,Samuel,Howard,,4,3,849001.36,283000.4533333333,1
C1068,Individual,Kathleen,Carter,42.31622176591376,3,3,1403831.31,467943.77,3
C1069,Individual,Lawrence,Cox,,3,3,1323760.8399999999,441253.6133333333,3
C1070,Individual,Virginia,Rogers,,5,3,1286265.1400000001,428755.0466666667,3
C1071,Individual,Aaron,Johnson,59.81656399726215,2,4,1047375.62,261843.905,1
C1072,Individual,Kimberly,Jones,63.98631074606434,3,3,829884.93,276628.31,1
C1073,Individual,Carl,Collins,70.92676249144422,2,4,1197808.83,299452.2075,1
C1074,Individual,George,Foster,71.90417522245038,1,3,1004700.45,334900.14999999997,1
C1075,Individual,Carolyn,Watson,,3,4,1178400.08,294600.02,1
C1076,Individual,Betty,Thompson,,3,3,884169.44,294723.14666666667,1
C1077,Individual,Peter,Griffin,44.24640657084189,2,4,1467449.24,366862.31,3
C1078,Individual,Joshua,Howard,,1,3,1247337.58,415779.19333333336,3
C1079,Individual,Steven,Hayes,,4,3,1151228.31,383742.77,3
C1080,Individual,Hannah,Stewart,69.66187542778918,4,4,1594795.52,398698.88,3
C1081,Company,Meridian,Co,51.73990417522245,4,3,1006584.7,335528.23333333334,2
C1082,Individual,Patricia,Martin,33.3305954825462,5,3,829499.85,276499.95,1
C1083,Individual,Pamela,Jackson,75.66324435318275,4,4,1145122.1,286280.525,1
C1084,Individual,Sarah,Hansen,,4,4,1357921.15,339480.2875,3
C1085,Individual,Sarah,Flores,,1,3,797675.03,265891.6766666667,1
C1086,Individual,Timothy,Montgomery,70.26146475017111,1,4,1339827.27,334956.8175,1
C1087,Individual,Matthew,Owens,42.42026009582478,3,4,1878433.21,469608.3025,3
C1088,Individual,Nicholas,Stewart,,4,3,802271.19,267423.73,1
C1089,Individual,Madison,Ward,,1,4,959344.08,239836.02,1
C1090,Individual,Laura,Moore,63.742642026009584,3,3,1217272.58,405757.5266666667,3
C1091,Individual,Arthur,Phillips,,1,3,741797.49,247265.83,1
C1092,Individual,Terry,Adams,,2,3,1213248.05,404416.01666666666,3
C1093,Individual,Adam,Allen,,1,3,805402.8300000001,268467.61000000004,1
C1094,Individual,Sarah,Cook,66.3107460643395,2,4,1631407.56,407851.89,3
C1095,Individual,Cynthia,Howard,,3,4,1454366.24,363591.56,3
C1096,Individual,Grace,Edwards,,2,4,1756661.91,439165.4775,3
C1097,Individual,Teresa,Pierce,,3,3,1064342.81,354780.9366666667,1
C1098,Individual,Paul,Young,,3,3,1187774.23,395924.74333333335,3
C1099,Individual,Joan,Scott,,3,4,1426501.12,356625.28,3
C1100,Individual,Frank,Thomas,,1,4,1314225.5899999999,328556.39749999996,3
C1101,Individual,Matthew,King,62.42026009582478,5,4,1037914.4299999999,259478.60749999998,1
C1102,Company,Harmon,Co,66.08076659822039,2,4,1248456.03,312114.0075,2
C1103,Individual,Jose,Johnson,,4,4,1206840.81,301710.2025,1
C1104,Individual,Christian,Weaver,,5,3,893996.19,297998.73,1
C1105,Individual,Roger,Ward,,3,4,1623510.31,405877.5775,3
C1106,Individual,Sean,Martin,,1,3,773499.85,257833.28333333333,1
C1107,Individual,Frank,Hayes,,1,3,1156527.59,385509.1966666667,3
C1108,Individual,Helen,Ward,32.394250513347025,4,3,1069904.1,356634.7,3
C1109,Individual,Rebecca,Anderson,58.74880219028063,1,4,1756965.37,439241.3425,3
C1110,Individual,Harold,Watson,49.06502395619439,5,4,1445458.33,361364.5825,3
C1111,Company,Corvus,Co,,4,3,885146.14,295048.7133333333,2
C1112,Individual,Donald,Green,44.41341546885695,3,3,961599.4199999999,320533.13999999996,1
C1113,Individual,Brenda,Martin,,2,4,1162770.88,290692.72,1
C1114,Individual,Cheryl,Wood,34.332648870636554,3,3,872825.73,290941.91,1
C1115,Individual,Joseph,Bell,,3,3,1054599.19,351533.0633333333,1
C1116,Individual,Angela,Freeman,,1,3,766951.9500000001,255650.65000000002,1
C1117,Individual,Rebecca,Patterson,,5,4,1149629.49,287407.3725,1
C1118,Company,Caldera,Co,,2,3,859368.99,286456.33,2
C1119,Individual,Larry,Green,,1,3,938703.6599999999,312901.22,1
C1120,Individual,Kathleen,Carter,,1,4,1371211.29,342802.8225,1
C1121,Individual,Carolyn,Gray,41.007529089664615,1,3,1014661.78,338220.5933333333,3
C1122,Individual,Judith,Evans,83.66872005475702,4,4,1558949.2,389737.3,3
C1123,Individual,Robert,Pierce,75.23613963039014,5,3,1241771.44,413923.8133333333,3
C1124,Individual,Sharon,Murray,50.332648870636554,5,4,1272190.01,318047.5025,1
C1125,Individual,Ronald,Price,85.33333333333333,3,3,1186907.08,395635.69333333336,3
C1126,Company,Elara,Co,,1,3,893488.2,297829.39999999997,2
C1127,Individual,Ann,Cooper,,1,3,838728.4,279576.13333333336,1
C1128,Individual,Brian,Montgomery,42.49965776865161,1,3,1186634.53,395544.8433333333,3
C1129,Individual,Martha,Hansen,80.75290896646133,5,4,1463125.26,365781.315,3
C1130,Individual,Tiffany,Parker,39.26351813826147,5,4,1326217.01,331554.2525,3
C1131,Individual,Cheryl,Kim,,3,3,1210500.79,403500.26333333337,3
C1132,Individual,Terry,Roberts,,2,3,1383901.27,461300.42333333334,3
C1133,Individual,Jason,Hansen,,3,4,1427019.92,356754.98,3
C1134,Individual,Dorothy,Bennett,82.652977412731,1,4,1088583.78,272145.945,1
C1135,Individual,Melissa,Phillips,,5,3,1186082.75,395360.9166666667,3
C1136,Individual,Shirley,Weaver,,3,3,1016844.64,338948.2133333333,1
C1137,Individual,Carol,Price,,4,3,1114902.43,371634.1433333333,3
C1138,Individual,George,Green,,1,3,840602.9199999999,280200.9733333333,1
C1139,Individual,Tiffany,Green,30.255989048596852,4,3,1297382.59,432460.86333333334,3
C1140,Individual,Billy,Jackson,49.927446954141,1,3,1275809.71,425269.9033333333,3
C1141,Individual,Kimberly,Montgomery,,3,3,990242.33,330080.7766666667,1
C1142,Individual,Julia,Hughes,78.23682409308692,2,4,1492680.13,373170.0325,3
C1143,Individual,Michael,Garcia,31.734428473648187,2,3,1108329.67,369443.2233333333,3
C1144,Individual,Diane,Young,47.56741957563313,4,4,1244666.12,311166.53,1
C1145,Individual,Ethan,King,33.16906228610541,5,3,1118850.31,372950.10333333333,3
C1146,Individual,Richard,Weaver,,2,3,1037824.43,345941.4766666667,3
C1147,Individual,Brittany,Edwards,48.31759069130732,3,3,905314.84,301771.61333333334,1
C1148,Individual,Joshua,Rogers,,1,3,1083677.57,361225.8566666667,3
C1149,Individual,Kimberly,Thomas,46.247775496235455,3,4,1277449.99,319362.4975,1
C1150,Individual,Tiffany,Cook,33.57152635181382,4,3,1476970.3,492323.43333333335,3
C1151,Individual,Tyler,Anderson,,2,4,1760000.3399999999,440000.08499999996,3
C1152,Individual,Jason,Williams,,1,4,1654928.32,413732.08,3
C1153,Individual,Scott,Sanders,,1,3,1007630.0,335876.6666666667,1
C1154,Individual,Jerry,Brown,69.89733059548254,5,4,1373889.96,343472.49,3
C1155,Individual,William,Young,49.256673511293634,5,3,1577625.0,525875.0,3
C1156,Individual,Dorothy,Kim,,4,3,859956.66,286652.22000000003,1
C1157,Individual,Kenneth,Davis,81.58795345653662,2,4,894080.38,223520.095,1
C1158,Individual,Joan,Pierce,,2,3,941360.29,313786.76333333337,1
C1159,Individual,Gerald,Howard,,1,3,1170550.92,390183.63999999996,3
C1160,Individual,Walter,Griffin,,2,4,1359425.8599999999,339856.46499999997,3
C1161,Individual,Stephen,White,32.309377138945926,3,4,2022416.31,505604.0775,3
C1162,Individual,Charles,Nelson,,2,4,1116223.63,279055.9075,1
C1163,Individual,Noah,Morales,,3,4,1202709.18,300677.295,1
C1164,Individual,Emma,Watson,58.1492128678987,3,4,1315287.03,328821.7575,1
C1165,Individual,Victoria,Alexander,,1,3,970705.3999999999,323568.4666666666,1
C1166,Individual,Scott,Hall,,1,4,1163601.79,290900.4475,1
C1167,Individual,Kevin,Alexander,,3,3,1163104.83,387701.61000000004,3
C1168,Individual,Brittany,Reyes,,2,4,1081069.19,270267.2975,1
C1169,Individual,Noah,Bryant,32.41341546885695,5,4,900300.22,225075.055,1
C1170,Individual,Amanda,Collins,36.31759069130732,1,4,1165955.62,291488.905,1
C1171,Individual,Anna,Patterson,,4,4,1561809.25,390452.3125,3
C1172,Individual,Victoria,Freeman,83.58110882956879,5,4,1240274.79,310068.6975,1
C1173,Individual,Cheryl,Price,41.58795345653662,1,4,1261072.17,315268.0425,1
C1174,Individual,Kenneth,White,43.9151266255989,2,4,1414798.99,353699.7475,3
C1175,Individual,Evelyn,Long,,2,4,1766232.62,441558.155,3
C1176,Individual,Lauren,Baker,51.006160164271044,4,3,1003328.89,334442.9633333333,1
C1177,Individual,Larry,Sanders,27.748117727583846,2,4,1047224.2699999999,261806.06749999998,1
C1178,Individual,Jessica,Richardson,,1,3,744651.07,248217.02333333332,1
C1179,Individual,Melissa,Anderson,35.318275154004105,4,3,848152.02,282717.34,1
C1180,Individual,Deborah,Miller,30.902121834360027,2,4,1111089.24,277772.31,1
C1181,Individual,Judith,Hansen,,5,3,743723.3099999999,247907.77,1
C1182,Individual,Christopher,Murray,65.23477070499658,3,4,1522183.38,380545.845,3
C1183,Individual,Carl,Rogers,,1,4,1364593.88,341148.47,3
C1184,Individual,David,Nelson,,2,3,500255.63,166751.87666666668,1
C1185,Individual,Ronald,Peterson,,3,4,1218570.99,304642.7475,1
C1186,Individual,Victoria,Bennett,,3,3,1141153.96,380384.6533333333,3
C1187,Individual,Melissa,Pierce,,4,3,1097539.23,365846.41,3
C1188,Individual,Matthew,White,30.5927446954141,1,4,1437535.25,359383.8125,3
C1189,Individual,Peter,Alexander,,2,4,1180295.09,295073.7725,1
C1190,Individual,Sandra,Baker,79.83572895277207,4,4,1358669.02,339667.255,3
C1191,Individual,Mary,Cox,,3,3,1095538.81,365179.60333333333,3
C1192,Individual,Adam,Jones,26.414784394250514,5,4,1111237.94,277809.485,1
C1193,Individual,Amy,Owens,,1,4,946796.24,236699.06,1
C1194,Individual,Melissa,Brooks,,1,3,1084957.53,361652.51,1
C1195,Individual,Anna,Pierce,35.99452429842574,4,4,1118238.91,279559.7275,1
C1196,Individual,William,Freeman,70.7542778918549,2,4,1731153.76,432788.44,3
C1197,Individual,Deborah,Roberts,67.15400410677618,4,3,1439595.57,479865.19,3
C1198,Individual,Lisa,Young,,1,3,1415391.5899999999,471797.1966666666,3
C1199,Individual,Justin,Campbell,83.2580424366872,2,4,1013002.89,253250.7225,1
C1200,Individual,Henry,Taylor,56.58590006844627,4,4,1789601.3299999998,447400.33249999996,3
C1201,Individual,Timothy,Stewart,,1,4,1063833.91,265958.4775,1
C1202,Company,Telnox,Co,41.073237508555785,5,4,1527115.1600000001,381778.79000000004,2
C1203,Individual,Ashley,Green,,2,3,1083378.55,361126.18333333335,3
C1204,Individual,William,Reed,34.171115674195754,2,3,1231356.24,410452.08,3
C1205,Individual,Patrick,Pierce,,4,3,968123.38,322707.79333333333,1
C1206,Individual,Melissa,Baker,68.48733744010951,5,3,941726.19,313908.73,1
C1207,Individual,Lauren,Price,,5,4,1084392.98,271098.245,1
C1208,Individual,Noah,Ward,,1,3,1277019.82,425673.2733333334,3
C1209,Individual,Tiffany,Kim,47.92881587953457,4,4,1201633.01,300408.2525,1
C1210,Individual,Dennis,Cox,35.00342231348392,1,4,1146800.83,286700.2075,1
C1211,Individual,Kathleen,Owens,29.90280629705681,5,4,1447927.02,361981.755,3
C1212,Individual,Lawrence,Gray,68.90075290896647,1,4,1052290.76,263072.69,1
C1213,Individual,Ruth,Martin,32.82956878850103,5,3,829461.56,276487.1866666667,1
C1214,Individual,Jennifer,Peterson,25.817932922655714,1,4,1725018.4100000001,431254.60250000004,3
C1215,Individual,Charles,Patterson,,3,3,1140423.3800000001,380141.1266666667,3
C1216,Individual,Martha,Jordan,28.903490759753595,4,3,1191384.37,397128.12333333335,3
C1217,Individual,William,Carter,29.412731006160165,4,3,1007204.78,335734.9266666667,1
C1218,Individual,Teresa,Smith,,1,4,1308613.5699999998,327153.39249999996,1
C1219,Individual,Danielle,Howard,42.496919917864474,1,3,867409.27,289136.42333333334,1
C1220,Individual,Christina,Martin,58.74058863791923,4,4,1471199.75,367799.9375,3
C1221,Individual,Cynthia,Thomas,,2,3,1354868.93,451622.9766666666,3
C1222,Individual,Christopher,Taylor,57.4072553045859,4,3,1319349.8599999999,439783.2866666666,3
C1223,Individual,Sharon,Stone,,4,3,1072582.78,357527.5933333333,3
C1224,Individual,Paul,Carter,,5,3,827238.27,275746.09,1
C1225,Individual,Larry,James,35.56741957563313,2,3,1122587.7,374195.89999999997,3
C1226,Individual,Michael,Sanders,37.09514031485284,4,3,972596.1300000001,324198.71,1
C1227,Individual,Alexander,Reyes,,3,4,2151534.73,537883.6825,3
C1228,Individual,Joseph,Howard,71.91238877481177,2,3,1058718.77,352906.25666666665,1
C1229,Individual,Madison,Reyes,31.589322381930184,1,3,1185126.78,395042.26,3
C1230,Individual,Lawrence,Parker,,5,3,759973.15,253324.38333333333,1
C1231,Individual,Betty,Carter,71.4880219028063,2,3,859705.1699999999,286568.38999999996,1
C1232,Individual,Mary,Jackson,,3,4,1527373.03,381843.2575,3
C1233,Individual,Brian,Scott,46.83367556468173,4,3,936287.8,312095.93333333335,1
C1234,Individual,Karen,King,,1,4,1463190.28,365797.57,3
C1235,Individual,Michael,Morales,,2,4,1271344.1099999999,317836.02749999997,3
C1236,Individual,Brandon,Cook,,4,4,1747766.02,436941.505,3
C1237,Individual,Helen,Cook,,4,3,688233.74,229411.24666666667,1
C1238,Individual,Joshua,Bennett,,1,4,1648873.57,412218.3925,3
C1239,Individual,Catherine,Adams,73.3223819301848,3,4,1457041.08,364260.27,3
C1240,Individual,Gloria,Wright,41.5605749486653,4,3,1018594.4400000001,339531.48000000004,1
C1241,Individual,Danielle,Martin,,1,4,1157084.5899999999,289271.14749999996,1
C1242,Individual,Gerald,Collins,,3,3,1055842.78,351947.5933333333,1
C1243,Individual,Jeffrey,Edwards,77.66735112936345,1,4,1419502.04,354875.51,3
C1244,Individual,Joseph,Phillips,33.98494182067078,5,3,1438309.93,479436.6433333333,3
C1245,Individual,Edward,Reyes,63.31553730321698,3,3,1422519.51,474173.17,3
C1246,Individual,Joyce,Jackson,83.07186858316221,2,3,859984.47,286661.49,1
C1247,Individual,Judy,Moore,69.15537303216975,2,4,1774416.3199999998,443604.07999999996,3
C1248,Individual,Sara,Scott,49.9192334017796,3,3,786895.89,262298.63,1
C1249,Individual,Janet,James,,1,4,1289938.6400000001,322484.66000000003,1
C1250,Individual,Jordan,Stewart,,5,3,1582661.61,527553.87,3
C1251,Individual,Aaron,Thompson,50.5927446954141,5,4,1246714.37,311678.5925,1
C1252,Individual,Margaret,Cook,,3,3,1137673.55,379224.51666666666,3
C1253,Individual,Jason,Flores,,2,3,767162.2200000001,255720.74000000002,1
C1254,Individual,Ethan,Freeman,70.16837782340862,5,4,1604050.8800000001,401012.72000000003,3
C1255,Individual,Mark,Patterson,,3,4,1105130.19,276282.5475,1
C1256,Company,Triton,Co,,4,3,1227293.02,409097.67333333334,2
C1257,Individual,Michael,Scott,,5,3,850550.13,283516.71,1
C1258,Individual,Betty,Stone,,1,4,1015636.19,253909.0475,1
C1259,Individual,William,Edwards,,3,4,1256766.51,314191.6275,1
C1260,Individual,Elizabeth,Ward,,2,4,1633449.34,408362.335,3
C1261,Individual,Patrick,Kim,49.752224503764545,3,3,1491163.72,497054.5733333333,3
C1262,Individual,Dorothy,Evans,75.56741957563312,4,3,961425.37,320475.12333333335,1
C1263,Individual,Lawrence,Alexander,,3,4,1975384.2000000002,493846.05000000005,3
C1264,Individual,Sarah,Garcia,26.496919917864478,1,3,1287173.46,429057.82,3
C1265,Individual,Gary,White,,1,3,1070432.96,356810.98666666663,1
C1266,Individual,Christopher,Hughes,,2,4,1204291.73,301072.9325,1
C1267,Individual,Dorothy,Peterson,61.16084873374401,3,3,1399933.8800000001,466644.6266666667,3
C1268,Individual,Gloria,Green,30.677618069815196,1,3,968928.25,322976.0833333333,1
C1269,Individual,Jack,Bennett,,5,3,1046535.0,348845.0,3
C1270,Individual,Cheryl,Ward,,4,3,1310435.53,436811.8433333333,3
C1271,Individual,Noah,Anderson,33.73305954825462,2,4,1296911.85,324227.9625,1
C1272,Individual,Ryan,Collins,,1,3,778830.7999999999,259610.26666666663,1
C1273,Individual,Gerald,Jordan,,5,3,1462080.32,487360.1066666667,3
C1274,Individual,Linda,Jones,46.90759753593429,1,3,1038831.8500000001,346277.2833333334,1
C1275,Individual,Jessica,Roberts,,1,4,1737593.0,434398.25,3
C1276,Individual,Arthur,Griffin,86.23956194387407,1,3,1635917.97,545305.99,3
C1277,Individual,Lauren,Griffin,45.177275838466805,2,3,1270250.68,423416.8933333333,3
C1278,Individual,Arthur,Griffin,,4,3,685587.81,228529.27000000002,1
C1279,Individual,Peter,Martin,82.64750171115674,4,3,1278123.59,426041.1966666667,3
C1280,Individual,Jacob,Bennett,,2,3,1295836.68,431945.56,3
C1281,Individual,Deborah,Edwards,27.980835044490075,2,3,889312.14,296437.38,1
C1282,Individual,Ashley,Taylor,,3,4,1302998.6,325749.65,1
C1283,Individual,Janice,Collins,80.57221081451061,3,4,1479050.94,369762.735,3
C1284,Individual,Patrick,Bennett,,2,4,1443865.51,360966.3775,3
C1285,Individual,Steven,Cox,72.26009582477755,4,3,1609592.58,536530.86,3
C1286,Individual,Stephen,Evans,62.90485968514716,5,3,1203306.91,401102.3033333333,3
C1287,Individual,Diane,Hughes,28.161533196440793,4,3,843581.37,281193.79,1
C1288,Individual,Sean,Cooper,,3,3,971136.6900000001,323712.23000000004,1
C1289,Individual,Samuel,Freeman,,1,4,1076161.8599999999,269040.46499999997,1
C1290,Individual,Teresa,Long,,3,4,1332432.9100000001,333108.22750000004,3
C1291,Individual,Paul,Johnson,42.57084188911704,5,3,1123403.46,374467.82,3
C1292,Individual,Jordan,Evans,,5,4,1099365.94,274841.485,1
C1293,Individual,Anna,Wright,53.842573579739906,1,4,1853570.08,463392.52,3
C1294,Individual,Henry,Davis,63.318275154004105,3,3,1220533.28,406844.4266666667,3
C1295,Individual,Anna,Bryant,,1,4,1478836.57,369709.1425,3
C1296,Individual,Keith,Hughes,63.00889801505818,1,3,1025127.71,341709.23666666663,1
C1297,Company,Vertex,Co,42.7460643394935,5,3,1169866.19,389955.39666666667,2
C1298,Individual,Margaret,Taylor,57.83436002737851,2,4,1571360.11,392840.0275,3
C1299,Individual,Karen,James,82.08350444900753,3,3,1296600.42,432200.13999999996,3
C1300,Individual,Judith,Collins,65.40999315537303,2,3,1428770.88,476256.95999999996,3
C1301,Individual,Benjamin,Hayes,,2,3,742139.88,247379.96,1
C1302,Individual,Jerry,Anderson,,5,4,1709532.6,427383.15,3
C1303,Individual,Christian,Miller,,3,3,979418.98,326472.99333333335,1
C1304,Individual,Angela,Cook,40.99110198494182,1,3,965747.81,321915.9366666667,1
C1305,Individual,Catherine,Anderson,,4,4,1034190.9,258547.725,1
C1306,Individual,Kathleen,Morales,,5,3,967094.76,322364.92,1
C1307,Individual,Rachel,Rogers,,5,3,920439.02,306813.00666666665,1
C1308,Individual,Timothy,Sanders,26.253251197809718,5,4,1363559.13,340889.7825,3
C1309,Individual,David,Reyes,26.496919917864478,5,3,1460171.4100000001,486723.8033333334,3
C1310,Individual,Ann,Roberts,71.08829568788501,5,4,1244334.1400000001,311083.53500000003,1
C1311,Individual,Christopher,Ward,,4,3,1352275.6400000001,450758.5466666667,3
C1312,Individual,Timothy,Stone,83.75359342915812,5,3,786877.06,262292.35333333333,1
C1313,Individual,Heather,Reed,,3,3,997579.61,332526.5366666667,1
C1314,Individual,Rachel,Miller,,3,3,803329.23,267776.41,1
C1315,Individual,Joshua,Garcia,,3,3,1066308.48,355436.16,1
C1316,Individual,Emma,King,33.073237508555785,2,4,1238162.97,309540.7425,1
C1317,Company,Atlas,Co,,2,3,1315200.12,438400.04000000004,2
C1318,Individual,William,Montgomery,,1,4,1423923.98,355980.995,3
C1319,Individual,Grace,James,,3,4,1424704.13,356176.0325,3
C1320,Individual,Peter,Reyes,57.08966461327858,1,3,1077693.04,359231.01333333337,1
C1321,Individual,Christopher,Reed,35.73169062286105,5,3,787847.37,262615.79,1
C1322,Individual,Barbara,Reyes,,5,3,1094026.3399999999,364675.4466666666,3
C1323,Individual,Nicholas,Moore,,3,4,1180654.6,295163.65,1
C1324,Individual,Carl,Edwards,,2,3,1323306.51,441102.17,3
C1325,Individual,George,Jones,51.488021902806295,5,4,1380292.56,345073.14,1
C1326,Individual,Brandon,Mitchell,,4,4,1489578.01,372394.5025,3
C1327,Individual,Betty,Carter,,4,3,664017.81,221339.27000000002,1
C1328,Individual,Sandra,Cooper,,4,4,1337283.29,334320.8225,3
C1329,Individual,Scott,Parker,,3,3,1041797.56,347265.85333333333,1
C1330,Individual,Kelly,James,51.09377138945928,2,4,835096.87,208774.2175,1
C1331,Individual,Christina,Bennett,39.663244353182755,1,3,1047958.11,349319.37,1
C1332,Individual,Michael,Howard,30.483230663928815,5,3,1227353.63,409117.87666666665,3
C1333,Individual,Jack,Hansen,,2,4,1364310.45,341077.6125,3
C1334,Individual,Victoria,Nelson,60.49007529089665,5,4,1906641.78,476660.445,3
C1335,Individual,Elizabeth,Hall,44.09582477754962,2,3,1001510.5800000001,333836.86000000004,1
C1336,Individual,Joyce,Thompson,77.48665297741273,5,4,1371591.4,342897.85,3
C1337,Individual,Jennifer,Johnson,,5,4,1310989.71,327747.4275,1
C1338,Individual,Christine,James,57.50855578370979,2,3,1096818.64,365606.2133333333,3
C1339,Company,Rexon,Co,,4,4,1532340.63,383085.1575,2
C1340,Company,Forsyte,Co,37.497604380561256,5,4,1746049.93,436512.4825,2
C1341,Individual,Julie,Cox,,5,3,756694.8300000001,252231.61000000002,1
C1342,Individual,Maria,Griffin,,1,3,922722.19,307574.0633333333,1
C1343,Individual,Megan,Turner,,5,3,1005148.6399999999,335049.54666666663,1
C1344,Individual,Carl,Phillips,,1,4,1319490.92,329872.73,3
C1345,Individual,Mary,Parker,,5,3,942467.41,314155.80333333334,1
C1346,Company,Triton,Co,,4,3,1037623.3900000001,345874.4633333334,2
C1347,Individual,Mark,James,,2,3,1001705.48,333901.82666666666,1
C1348,Individual,Peter,Harris,,4,3,1021309.9299999999,340436.6433333333,1
C1349,Individual,Joyce,Johnson,,3,3,773186.34,257728.78,1
C1350,Individual,Julia,King,,5,4,743296.88,185824.22,1
C1351,Individual,Judith,Long,,2,4,1400457.41,350114.3525,3
C1352,Individual,Benjamin,Gray,,2,3,1535963.18,511987.7266666666,3
C1353,Individual,Debra,Jackson,,1,3,532598.24,177532.74666666667,1
C1354,Individual,Patrick,Johnson,85.15537303216975,5,3,1545799.94,515266.64666666667,3
C1355,Individual,Shirley,Owens,,2,3,1245446.7799999998,415148.9266666666,3
C1356,Individual,Jonathan,Morales,,4,3,1490237.62,496745.87333333335,3
C1357,Individual,Danielle,Patterson,39.26351813826147,5,3,1077383.54,359127.8466666667,3
C1358,Individual,Gregory,Taylor,83.41409993155374,4,3,965180.83,321726.9433333333,1
C1359,Individual,Gary,Owens,,3,4,1381335.3,345333.825,3
C1360,Individual,Billy,Nelson,,4,3,1001006.54,333668.8466666667,1
C1361,Individual,Ashley,Owens,,3,4,1529260.3,382315.075,3
C1362,Individual,Laura,Jordan,,1,4,993131.84,248282.96,1
C1363,Individual,James,Stone,45.002053388090346,5,4,1109919.3599999999,277479.83999999997,1
C1364,Individual,Andrea,Watson,,1,4,1201578.93,300394.7325,1
C1365,Individual,Tiffany,Sanders,,5,4,1443894.02,360973.505,3
C1366,Individual,George,Thompson,,1,3,1488525.13,496175.0433333333,3
C1367,Individual,Stephanie,Jordan,73.39630390143738,2,3,1035889.5,345296.5,1
C1368,Individual,Jose,Gray,,5,4,1378979.49,344744.8725,3
C1369,Individual,Peter,Garcia,42.6611909650924,4,4,1615394.12,403848.53,3
C1370,Individual,Frank,Evans,61.002053388090346,1,4,834659.23,208664.8075,1
C1371,Individual,Timothy,Thomas,,2,4,1036681.19,259170.2975,1
C1372,Individual,Lisa,Turner,,2,3,874872.8,291624.26666666666,1
C1373,Individual,Melissa,Evans,33.648186173853524,3,3,1275663.27,425221.09,3
C1374,Company,Quasar,Co,,3,3,1230590.28,410196.76,2
C1375,Individual,Carolyn,Flores,,4,4,1097182.3900000001,274295.59750000003,1
C1376,Individual,Carolyn,Edwards,,3,3,1272387.2999999998,424129.0999999999,3
C1377,Individual,Laura,Long,42.417522245037645,2,3,828441.4099999999,276147.13666666666,1
C1378,Individual,Maria,Morales,,1,3,1399739.87,466579.9566666667,3
C1379,Individual,Kevin,Gray,55.983572895277206,2,3,827767.69,275922.5633333333,1
C1380,Individual,Michael,Hughes,,4,3,1012542.1799999999,337514.06,1
C1381,Individual,Eric,Cox,,3,3,1082639.9100000001,360879.97000000003,3
C1382,Individual,Adam,James,,2,4,1176910.13,294227.5325,1
C1383,Individual,Noah,Moore,33.56331279945243,2,3,864768.8300000001,288256.2766666667,1
C1384,Individual,Mary,Young,38.23682409308692,2,3,905480.04,301826.68,1
C1385,Individual,Kenneth,Owens,80.01095140314852,1,3,1182983.03,394327.6766666667,3
C1386,Individual,Harold,Howard,,4,3,1284366.78,428122.26,3
C1387,Individual,Jose,Reed,,4,3,804550.47,268183.49,1
C1388,Individual,Hannah,Stone,,3,3,1183031.06,394343.6866666667,3
C1389,Individual,Jordan,Montgomery,73.92197125256673,2,4,1742522.83,435630.7075,3
C1390,Individual,Lauren,Thomas,,3,3,906492.19,302164.0633333333,1
C1391,Individual,Barbara,Campbell,52.24914442162902,1,4,1579627.98,394906.995,3
C1392,Individual,Jose,Johnson,36.0,4,4,1434978.2000000002,358744.55000000005,3
C1393,Individual,Virginia,Miller,44.90622861054072,1,4,1187799.99,296949.9975,1
C1394,Individual,Debra,Hansen,,4,4,1325404.6,331351.15,1
C1395,Individual,Megan,Campbell,,4,4,1497964.92,374491.23,3
C1396,Individual,Steven,Foster,55.00889801505818,3,3,977070.1199999999,325690.04,1
C1397,Individual,Linda,Chavez,43.238877481177276,4,4,1551369.83,387842.4575,3
C1398,Individual,Alexander,Jones,,5,3,926545.71,308848.57,1
C1399,Individual,Lauren,Evans,,5,4,1259614.96,314903.74,3
C1400,Individual,Maria,Jones,,4,4,1146194.54,286548.635,1
C1401,Individual,Virginia,Brooks,,1,4,1223523.71,305880.9275,1
C1402,Individual,Helen,Jordan,,3,4,1394159.93,348539.9825,3
C1403,Individual,Pamela,Scott,,2,4,1463350.69,365837.6725,3
C1404,Individual,Sharon,Williams,,4,4,1193678.04,298419.51,1
C1405,Individual,Ryan,Williams,70.99247091033538,5,3,1306722.3599999999,435574.11999999994,3
C1406,Individual,Sara,Wood,55.75906913073238,3,4,1364413.45,341103.3625,3
C1407,Individual,Sharon,Hansen,,1,4,1429717.0899999999,357429.27249999996,3
C1408,Company,Grandis,Co,,2,4,1345035.74,336258.935,2
C1409,Individual,Katherine,Price,68.84325804243669,2,3,1072801.12,357600.37333333335,1
C1410,Individual,Jennifer,Edwards,,2,4,1439196.49,359799.1225,3
C1411,Individual,Anthony,Watson,39.17043121149897,2,4,1318823.1600000001,329705.79000000004,1
C1412,Company,Optima,Co,,2,4,1498125.2,374531.3,2
C1413,Individual,Margaret,Rogers,,4,4,1489065.1600000001,372266.29000000004,3
C1414,Individual,Michelle,Wright,51.096509240246405,4,4,1188718.7,297179.675,1
C1415,Individual,Tyler,Murray,,1,3,748797.26,249599.08666666667,1
C1416,Individual,Bryan,Peterson,71.92881587953457,2,3,1418066.3900000001,472688.7966666667,3
C1417,Individual,Dennis,Williams,,5,3,1023021.48,341007.16,3
C1418,Individual,Kyle,Cox,72.16427104722793,2,3,1443234.8900000001,481078.2966666667,3
C1419,Individual,Jason,Peterson,54.82546201232033,4,4,1143605.72,285901.43,1
C1420,Company,Terova,Co,,5,4,1196856.69,299214.1725,2
C1421,Individual,James,Jones,,1,3,938557.1900000001,312852.39666666667,1
C1422,Individual,Billy,Hansen,,1,4,2032565.11,508141.2775,3
C1423,Individual,Jack,Brooks,,4,4,1822778.3599999999,455694.58999999997,3
C1424,Individual,Judy,Harris,72.23271731690623,2,3,1382756.57,460918.8566666667,3
C1425,Individual,Raymond,Taylor,,3,3,1449563.3199999998,483187.77333333326,3
C1426,Individual,Christina,Campbell,,2,4,1709098.18,427274.545,3
C1427,Individual,Julia,Richardson,71.07186858316221,5,4,1378636.21,344659.0525,3
C1428,Individual,Nicole,Allen,72.49828884325804,4,4,1136052.54,284013.135,1
C1429,Individual,Jesse,Stewart,34.677618069815196,5,4,1697550.01,424387.5025,3
C1430,Individual,Patrick,Allen,62.732375085557834,4,3,928463.2,309487.73333333334,1
C1431,Individual,Melissa,Griffin,82.92950034223135,3,4,1620159.73,405039.9325,3
C1432,Individual,Larry,Weaver,,3,3,863383.74,287794.58,1
C1433,Individual,Christian,Mitchell,73.14715947980835,4,3,1358111.0699999998,452703.68999999994,3
C1434,Company,Terova,Co,,5,4,1038640.05,259660.0125,2
C1435,Individual,Zachary,Morales,59.15947980835045,2,3,903765.87,301255.29,1
C1436,Individual,Kyle,Wright,27.655030800821354,2,3,969917.19,323305.73,1
C1437,Individual,Gerald,Stewart,29.15811088295688,5,4,1668948.58,417237.145,3
C1438,Individual,Benjamin,Taylor,37.83436002737851,2,3,1255115.0,418371.6666666667,3
C1439,Individual,Helen,Morales,,2,3,1040682.81,346894.27,1
C1440,Individual,Mary,Phillips,,2,3,901013.4199999999,300337.80666666664,1
C1441,Individual,Helen,Campbell,80.73921971252567,5,3,1201777.78,400592.5933333333,3
C1442,Individual,Timothy,Foster,,2,3,1007348.75,335782.9166666667,1
C1443,Individual,Betty,Hughes,,2,3,1045348.1100000001,348449.37000000005,3
C1444,Individual,Frank,Alexander,,3,3,1089631.7,363210.56666666665,1
C1445,Individual,Gregory,Hall,,5,4,1249138.91,312284.7275,1
C1446,Individual,Amber,Gray,74.48870636550308,4,4,1550820.49,387705.1225,3
C1447,Individual,Janet,Rogers,,4,4,1372408.9,343102.225,3
C1448,Individual,Henry,Ward,,1,4,1221304.62,305326.155,1
C1449,Individual,Nicole,Cox,,5,3,1110557.49,370185.83,3
C1450,Individual,Pamela,White,30.16290212183436,5,3,1028509.6,342836.5333333333,1
C1451,Individual,Hannah,Turner,,1,4,1529673.3199999998,382418.32999999996,3
C1452,Individual,Kelly,Edwards,32.832306639288156,3,3,1320005.77,440001.92333333334,3
C1453,Individual,Kenneth,Stone,44.65982203969884,2,3,1145044.9,381681.6333333333,3
C1454,Individual,Ann,Kim,,1,3,1188825.44,396275.14666666667,3
C1455,Individual,Christina,Nelson,,3,3,985992.4299999999,328664.1433333333,1
C1456,Company,Quasar,Co,,1,4,1598853.55,399713.3875,2
C1457,Individual,Julie,Foster,,3,4,1537205.06,384301.265,3
C1458,Individual,Keith,Reed,,1,3,917921.54,305973.8466666667,1
C1459,Individual,Terry,Hall,,5,4,1556253.48,389063.37,3
C1460,Individual,Pamela,Long,53.497604380561256,1,4,1569390.69,392347.6725,3
C1461,Individual,Gloria,Reyes,,5,4,1507966.87,376991.7175,3
C1462,Individual,Virginia,Allen,,3,4,1220331.12,305082.78,1
C1463,Individual,Lawrence,Ward,,2,4,1639044.0,409761.0,3
C1464,Individual,Terry,Weaver,,1,3,1094818.68,364939.56,3
C1465,Individual,Edward,Stewart,35.90691307323751,3,3,1312191.47,437397.1566666667,3
C1466,Individual,Ashley,Howard,,2,4,1387827.15,346956.7875,3
C1467,Individual,Rebecca,Adams,,5,3,761353.26,253784.42,1
C1468,Individual,Jason,Martin,,3,3,1072452.07,357484.0233333334,1
C1469,Individual,Keith,Richardson,,1,3,1512121.6400000001,504040.5466666667,3
C1470,Individual,Alexander,Richardson,,3,3,1440682.21,480227.4033333333,3
C1471,Individual,Judith,Williams,,1,4,1048588.76,262147.19,1
C1472,Individual,Paul,Flores,,1,4,1610320.87,402580.2175,3
C1473,Individual,Maria,Freeman,,2,4,1415300.74,353825.185,3
C1474,Individual,Kevin,Brown,57.152635181382614,3,4,1563434.47,390858.6175,3
C1475,Individual,Raymond,Brown,81.83983572895278,4,4,1579186.25,394796.5625,3
C1476,Individual,Kevin,Jackson,25.99041752224504,1,4,1505369.42,376342.355,3
C1477,Company,Zynex,Co,58.15195071868583,1,4,1051466.92,262866.73,2
C1478,Individual,Emily,Reed,67.72895277207392,1,3,965772.74,321924.24666666664,1
C1479,Individual,Paul,Carter,,1,4,1275455.51,318863.8775,3
C1480,Individual,Danielle,White,41.15537303216975,3,4,1466467.79,366616.9475,3
C1481,Company,Caldera,Co,41.50034223134839,3,4,1059700.8800000001,264925.22000000003,2
C1482,Individual,Kimberly,Murray,,2,4,1665015.1700000002,416253.79250000004,3
C1483,Individual,Gary,Hall,51.011635865845314,3,4,1831769.62,457942.405,3
C1484,Individual,Christina,Nelson,54.65571526351814,3,4,1117191.81,279297.9525,1
C1485,Individual,Rachel,Scott,,4,4,1604885.52,401221.38,3
C1486,Individual,Madison,Campbell,,5,3,1019385.69,339795.23,1
C1487,Individual,Sandra,Martin,60.48459958932238,3,4,1553533.51,388383.3775,3
C1488,Individual,Keith,Scott,50.743326488706366,2,3,1029238.79,343079.5966666667,3
C1489,Individual,Gloria,Montgomery,,5,3,1056549.47,352183.1566666667,1
C1490,Individual,Dennis,Hall,31.578370978781656,5,3,861119.76,287039.92,1
C1491,Individual,Rebecca,Evans,28.903490759753595,4,4,1056750.03,264187.5075,1
C1492,Individual,Mary,Taylor,,2,3,1309655.49,436551.83,3
C1493,Individual,Thomas,Bennett,,4,3,864605.61,288201.87,1
C1494,Individual,Nicholas,Cooper,30.154688569472963,1,3,913338.07,304446.0233333333,1
C1495,Individual,Jason,Hughes,34.57084188911704,1,4,2059292.68,514823.17,3
C1496,Individual,Bryan,Patterson,,5,3,1119013.6099999999,373004.5366666666,3
C1497,Individual,Samuel,Parker,,4,3,794765.34,264921.77999999997,1
C1498,Individual,Nicole,Carter,59.3347022587269,5,4,1142631.83,285657.9575,1
C1499,Individual,Lauren,Gray,28.583162217659137,3,3,1321905.54,440635.18,3
C1500,Individual,Shirley,Ward,31.416837782340863,2,4,1020299.92,255074.98,1
C1501,Individual,Brenda,White,,4,3,761279.08,253759.69333333333,1
C1502,Individual,Elizabeth,Weaver,,5,4,1045772.34,261443.085,1
C1503,Company,Triton,Co,,5,4,1299971.48,324992.87,2
C1504,Individual,Patrick,Hughes,,4,3,871805.96,290601.98666666663,1
C1505,Individual,William,Cook,,3,4,1012922.06,253230.515,1
C1506,Individual,Larry,Price,76.39698836413416,3,3,1010109.4,336703.13333333336,1
C1507,Individual,Joyce,Cooper,,3,4,1499666.44,374916.61,3
C1508,Individual,Benjamin,Morris,31.50444900752909,3,4,965283.79,241320.9475,1
C1509,Individual,Rebecca,Campbell,,3,4,1821912.8699999999,455478.21749999997,3
C1510,Company,Altira,Co,63.50992470910335,5,3,804243.22,268081.0733333333,2
C1511,Individual,Ann,Hansen,,2,3,1093080.8599999999,364360.2866666666,3
C1512,Individual,Anna,Young,,4,4,1209056.95,302264.2375,1
C1513,Individual,Danielle,Morales,30.99247091033539,2,3,1452266.37,484088.79000000004,3
C1514,Individual,Linda,Bryant,39.49075975359343,4,3,1211908.53,403969.51,3
C1515,Individual,Angela,Williams,,5,4,1433703.52,358425.88,3
C1516,Individual,Grace,Wood,,4,3,690456.91,230152.30333333334,1
C1517,Individual,Benjamin,Chavez,,2,4,1328693.42,332173.355,1
C1518,Individual,Teresa,Rogers,31.65776865160849,5,4,961942.8799999999,240485.71999999997,1
C1519,Individual,Kyle,Freeman,,1,4,1366990.1300000001,341747.53250000003,3
C1520,Individual,Patrick,Griffin,80.49828884325804,1,4,1425469.02,356367.255,3
C1521,Individual,Bryan,Foster,,4,3,913579.4099999999,304526.47,1
C1522,Individual,Debra,Mitchell,,5,4,1598304.98,399576.245,3
C1523,Company,Horizon,Co,,3,4,1652083.92,413020.98,2
C1524,Individual,Jordan,Wilson,,2,4,1434208.3,358552.075,3
C1525,Individual,Timothy,Brown,,1,3,1336757.18,445585.7266666666,3
C1526,Individual,Victoria,Howard,69.83162217659138,3,3,1429330.15,476443.3833333333,3
C1527,Individual,Martha,Thomas,,1,3,993447.0599999999,331149.01999999996,1
C1528,Individual,Jennifer,Weaver,28.75564681724846,1,3,1058452.68,352817.56,3
C1529,Company,Helios,Co,,4,4,1614522.9000000001,403630.72500000003,2
C1530,Individual,Sarah,Wright,,2,3,1011087.75,337029.25,1
C1531,Individual,Bryan,Cox,,2,4,1272471.05,318117.7625,1
C1532,Individual,Linda,Freeman,,3,4,1446462.79,361615.6975,3
C1533,Individual,Anthony,Bryant,37.66461327857632,4,4,1019127.09,254781.7725,1
C1534,Individual,Sandra,Pierce,29.99041752224504,4,3,1195359.88,398453.2933333333,3
C1535,Individual,Jeremy,Stone,31.753593429158112,3,4,1967005.46,491751.365,3
C1536,Individual,Sara,Baker,44.0,3,3,1076884.84,358961.61333333334,3
C1537,Individual,Lisa,Foster,26.836413415468858,5,3,1637300.4100000001,545766.8033333333,3
C1538,Individual,Jessica,Kim,79.40862422997947,5,3,775544.78,258514.92666666667,1
C1539,Individual,Terry,Brown,,1,3,811448.36,270482.7866666667,1
C1540,Individual,Roger,Cox,68.50650239561944,2,3,842510.7,280836.89999999997,1
C1541,Individual,Carl,Adams,,2,4,1173616.46,293404.115,1
C1542,Individual,Gary,Cook,,1,3,1261648.92,420549.63999999996,3
C1543,Individual,Virginia,Peterson,70.5681040383299,3,3,1199490.31,399830.10333333333,3
C1544,Individual,Heather,Evans,,3,3,1551623.3,517207.76666666666,3
C1545,Individual,Elizabeth,Price,,1,3,1101811.15,367270.3833333333,3
C1546,Individual,Sarah,Scott,59.997262149212865,4,4,1161022.51,290255.6275,1
C1547,Individual,Margaret,Martin,51.17316906228611,2,4,1199337.46,299834.365,1
C1548,Company,Telnox,Co,,2,3,615223.03,205074.34333333335,2
C1549,Individual,Gary,Reyes,,4,3,837044.35,279014.7833333333,1
C1550,Individual,Jason,Rogers,27.67693360711841,2,4,1368767.79,342191.9475,3
C1551,Individual,Aaron,Howard,,2,3,1252240.69,417413.5633333333,3
C1552,Individual,Peter,Wilson,,2,4,1356450.7000000002,339112.67500000005,3
C1553,Company,Horizon,Co,,4,3,979536.36,326512.12,2
C1554,Individual,Gregory,Cox,28.254620123203285,1,3,742034.24,247344.74666666667,1
C1555,Individual,Julia,Martin,,5,4,1233852.38,308463.095,1
C1556,Individual,Grace,Wood,,2,4,1215734.71,303933.6775,1
C1557,Individual,Joan,Griffin,,2,3,955054.1799999999,318351.3933333333,1
C1558,Individual,Tyler,Phillips,82.23134839151267,4,3,1482069.56,494023.1866666667,3
C1559,Individual,Sara,Mitchell,,2,3,1345808.87,448602.9566666667,3
C1560,Individual,Christina,Hughes,,4,3,1052677.5699999998,350892.52333333326,1
C1561,Individual,Jeffrey,Green,,5,3,1135294.51,378431.50333333336,3
C1562,Individual,Maria,Morris,38.91854893908282,4,3,1179775.32,393258.44,3
C1563,Individual,Susan,Baker,,5,3,979729.05,326576.35000000003,1
C1564,Individual,Jason,Wood,61.57700205338809,5,3,1595925.43,531975.1433333333,3
C1565,Individual,Kenneth,Bennett,45.82340862422998,4,4,1140899.22,285224.805,1
C1566,Individual,Anthony,Wilson,31.42505133470226,3,4,1450240.65,362560.1625,3
C1567,Individual,Frank,Wilson,48.648870636550306,4,4,1594452.6199999999,398613.15499999997,3
C1568,Individual,Betty,Owens,36.24914442162902,5,3,1373808.0899999999,457936.02999999997,3
C1569,Individual,Pamela,Turner,32.580424366872,1,3,1175242.5499999998,391747.5166666666,3
C1570,Individual,Amanda,Williams,,5,4,1469638.4,367409.6,3
C1571,Individual,Ethan,Morales,48.00547570157426,2,4,1243439.96,310859.99,1
C1572,Individual,Donald,Baker,65.98494182067077,3,4,886149.52,221537.38,1
C1573,Individual,Amanda,Richardson,80.07939767282683,1,4,1175839.94,293959.985,1
C1574,Individual,Gary,Morris,,4,3,1195224.9,398408.3,3
C1575,Individual,Paul,Freeman,,2,4,1395067.1600000001,348766.79000000004,3
C1576,Individual,Heather,Cook,,3,4,1359536.24,339884.06,3
C1577,Individual,Ethan,Edwards,,3,3,1427933.58,475977.86000000004,3
C1578,Individual,Mark,Turner,30.23134839151266,2,3,765431.01,255143.67,1
C1579,Individual,Robert,Bell,80.67077344284736,4,4,1101753.5899999999,275438.39749999996,1
C1580,Individual,Jordan,Martin,28.49828884325804,1,4,1008834.66,252208.665,1
C1581,Individual,James,Reyes,75.5728952772074,1,3,1123364.22,374454.74,1
C1582,Individual,Harold,Baker,,4,3,1030269.01,343423.00333333336,1
C1583,Individual,Peter,Scott,58.42026009582478,2,4,1378030.61,344507.6525,3
C1584,Company,Nexus,Co,40.813141683778234,1,3,1199226.44,399742.14666666667,2
C1585,Individual,Kevin,Watson,65.65092402464066,5,4,1480011.91,370002.9775,3
C1586,Individual,Carolyn,Roberts,,3,3,1116579.83,372193.2766666667,1
C1587,Individual,Carl,Cooper,82.507871321013,4,3,743057.13,247685.71,1
C1588,Individual,Patricia,Thomas,,5,3,957201.31,319067.10333333333,1
C1589,Individual,Christina,Ward,72.81314168377824,4,3,1380536.7000000002,460178.9000000001,3
C1590,Company,Elara,Co,,1,4,1470403.6,367600.9,2
C1591,Individual,Christine,Brooks,,4,4,1676312.98,419078.245,3
C1592,Individual,Heather,Allen,51.011635865845314,2,4,878452.1900000001,219613.04750000002,1
C1593,Individual,Anthony,Williams,50.83367556468173,1,4,825960.49,206490.1225,1
C1594,Individual,Kathleen,Green,,2,4,1522994.53,380748.6325,3
C1595,Individual,Charles,Reed,,5,4,1310147.8599999999,327536.96499999997,3
C1596,Individual,Frank,Hall,46.56810403832991,4,3,1642954.44,547651.48,3
C1597,Individual,Rachel,Cox,,4,4,1155778.2,288944.55,1
C1598,Individual,Angela,Adams,,4,3,1163931.67,387977.2233333333,3
C1599,Individual,Stephanie,Thompson,,5,3,1321031.17,440343.7233333333,3
C1600,Individual,Jennifer,Rogers,,5,4,1237164.36,309291.09,1
C1601,Individual,Tiffany,Parker,,3,3,829078.01,276359.33666666667,1
C1602,Individual,Harold,Turner,39.592060232717316,4,4,1676863.99,419215.9975,3
C1603,Individual,Hannah,Rogers,63.742642026009584,5,4,1077719.71,269429.9275,1
C1604,Individual,Ronald,Kim,76.7337440109514,4,3,1050264.24,350088.08,3
C1605,Individual,Joshua,Collins,,4,4,1170783.34,292695.835,1
C1606,Individual,Zachary,Howard,,1,3,917562.71,305854.23666666663,1
C1607,Individual,Emma,Hall,63.23613963039014,3,3,829294.5700000001,276431.5233333334,1
C1608,Individual,Heather,Pierce,,4,3,1431381.65,477127.2166666666,3
C1609,Individual,Justin,Reed,61.672826830937716,2,3,804844.43,268281.4766666667,1
C1610,Individual,Kenneth,White,,3,4,1249167.74,312291.935,1
C1611,Individual,Sarah,Bryant,50.757015742642025,4,4,1072189.52,268047.38,1
C1612,Individual,Jason,Price,,1,3,766554.56,255518.18666666668,1
C1613,Individual,Ryan,Griffin,28.40520191649555,2,4,1608368.22,402092.055,3
C1614,Individual,Julie,Williams,,4,3,822155.05,274051.68333333335,1
C1615,Individual,Jason,Mitchell,62.84462696783025,5,3,857125.52,285708.50666666665,1
C1616,Individual,Aaron,Nelson,34.75975359342916,5,4,1344053.71,336013.4275,3
C1617,Individual,Michelle,Baker,73.65366187542779,3,3,776005.5,258668.5,1
C1618,Individual,Linda,Price,,2,4,1356655.6800000002,339163.92000000004,3
C1619,Individual,Jason,Baker,,2,4,1390206.46,347551.615,3
C1620,Individual,Jacob,Morales,82.07802874743327,1,3,788250.3500000001,262750.1166666667,1
C1621,Individual,Carl,Wood,,2,3,739739.97,246579.99,1
C1622,Individual,Angela,Taylor,65.3388090349076,1,3,1054193.3599999999,351397.7866666666,1
C1623,Individual,Julia,Hall,32.394250513347025,4,3,1060233.46,353411.1533333333,1
C1624,Individual,Jennifer,Stewart,75.41683778234086,4,4,1943363.94,485840.985,3
C1625,Individual,Harold,Wright,26.33538672142368,4,3,910587.85,303529.2833333333,1
C1626,Individual,Jennifer,Morales,,2,3,1225657.22,408552.4066666667,3
C1627,Individual,David,Bryant,,1,3,1275226.77,425075.59,3
C1628,Company,Lumina,Co,,4,3,800299.08,266766.36,2
C1629,Individual,Stephanie,Roberts,,5,3,789150.05,263050.01666666666,1
C1630,Company,Grandis,Co,32.082135523613964,1,3,1206881.92,402293.9733333333,2
C1631,Individual,Joan,Patterson,60.23271731690623,5,4,1683720.2,420930.05,3
C1632,Individual,Victoria,Wright,62.899383983572896,3,4,1425130.6800000002,356282.67000000004,3
C1633,Individual,Sara,Bennett,48.92265571526352,2,3,847190.3300000001,282396.7766666667,1
C1634,Individual,Sara,King,82.39835728952772,2,4,1044217.01,261054.2525,1
C1635,Individual,Lawrence,Moore,,1,4,1104480.44,276120.11,1
C1636,Company,Zynex,Co,39.40041067761807,5,3,1171439.72,390479.9066666667,2
C1637,Individual,Jacob,Cook,57.31143052703628,5,3,1333020.46,444340.1533333333,3
C1638,Individual,Cynthia,Peterson,,1,3,1047895.71,349298.57,1
C1639,Individual,Ronald,Smith,,1,4,1088561.44,272140.36,1
C1640,Individual,Helen,Adams,59.58384668035592,1,4,1172146.65,293036.6625,1
C1641,Individual,Charles,Phillips,,1,4,1898878.08,474719.52,3
C1642,Individual,Maria,Adams,,5,4,1441785.62,360446.405,3
C1643,Individual,Carl,Rogers,48.40246406570842,4,3,1182889.92,394296.63999999996,3
C1644,Individual,Megan,Freeman,,1,4,1312822.17,328205.5425,1
C1645,Individual,Shirley,Chavez,31.32101300479124,1,4,1503973.21,375993.3025,3
C1646,Individual,Billy,Patterson,27.98631074606434,4,3,972186.46,324062.1533333333,1
C1647,Individual,Paul,Stone,,4,3,1316368.95,438789.64999999997,3
C1648,Individual,Julia,Wood,,3,3,1282946.7,427648.89999999997,3
C1649,Individual,Melissa,Price,44.26009582477755,4,4,1540887.81,385221.9525,3
C1650,Individual,Edward,Griffin,57.177275838466805,2,3,1065238.5,355079.5,3
C1651,Individual,Ryan,Bell,,4,3,962066.4199999999,320688.80666666664,1
C1652,Individual,Paul,Weaver,,4,3,1078933.8,359644.60000000003,1
C1653,Individual,Sara,White,51.841204654346335,4,4,957106.48,239276.62,1
C1654,Individual,Judith,Brooks,58.16563997262149,1,4,1250065.3800000001,312516.34500000003,1
C1655,Individual,Sara,Cox,,2,3,974749.8,324916.60000000003,1
C1656,Individual,Jacob,Baker,35.08555783709788,4,4,1401657.84,350414.46,3
C1657,Individual,Donald,Kim,,2,4,1316624.69,329156.1725,1
C1658,Individual,Ronald,Patterson,55.827515400410675,5,4,1243178.6,310794.65,1
C1659,Individual,Joshua,Thompson,79.74811772758385,4,4,1576416.87,394104.2175,3
C1660,Individual,Henry,Richardson,,4,4,1330046.48,332511.62,3
C1661,Individual,Ronald,Cox,,4,3,1511063.27,503687.75666666665,3
C1662,Individual,Gary,Montgomery,,4,4,1505862.74,376465.685,3
C1663,Individual,Joshua,Garcia,,3,3,926064.21,308688.07,1
C1664,Individual,Judith,Hayes,,5,3,1390001.73,463333.91,3
C1665,Individual,Harold,Bell,,5,4,966971.19,241742.7975,1
C1666,Individual,Brenda,Edwards,63.73990417522245,2,3,706503.5900000001,235501.19666666668,1
C1667,Individual,Stephanie,Cook,,4,3,831811.52,277270.50666666665,1
C1668,Individual,Scott,Green,68.56125941136209,5,4,1046863.21,261715.8025,1
C1669,Individual,Steven,Collins,66.16016427104722,3,4,948271.3400000001,237067.83500000002,1
C1670,Individual,Angela,Watson,55.488021902806295,3,4,1356021.03,339005.2575,1
C1671,Individual,Ashley,Howard,,3,4,1329236.75,332309.1875,1
C1672,Individual,Jacqueline,Morales,52.15605749486653,4,3,728363.1699999999,242787.7233333333,1
C1673,Individual,Katherine,Martin,34.25325119780972,1,4,1803634.76,450908.69,3
C1674,Individual,Emily,Jackson,,5,4,1614623.53,403655.8825,3
C1675,Individual,Emma,Reyes,41.158110882956876,5,3,918037.6799999999,306012.56,1
C1676,Individual,Amy,Allen,,2,4,1251637.0,312909.25,1
C1677,Individual,Kevin,Thomas,,1,3,942915.1799999999,314305.06,1
C1678,Individual,Gary,Sanders,65.24845995893224,1,3,1377654.29,459218.0966666667,3
C1679,Individual,Christina,Nelson,,4,3,1194618.9,398206.3,3
C1680,Individual,Danielle,Howard,,4,3,665078.77,221692.92333333334,1
C1681,Individual,Carl,Alexander,,3,4,1408304.94,352076.235,3
C1682,Individual,Amanda,Brooks,39.15126625598905,2,4,1469905.41,367476.3525,3
C1683,Individual,Amber,Patterson,,1,4,1410114.6,352528.65,3
C1684,Individual,Grace,Cooper,48.92813141683778,4,4,1109440.17,277360.0425,1
C1685,Individual,Kathleen,Parker,,5,3,1109623.75,369874.5833333333,3
C1686,Individual,David,Howard,,2,4,1214377.82,303594.455,1
C1687,Individual,Eric,Anderson,,4,4,1026117.62,256529.405,1
C1688,Individual,Amanda,Flores,,5,3,1314384.27,438128.09,3
C1689,Individual,Virginia,King,,1,3,896100.8,298700.26666666666,1
C1690,Individual,Terry,Martin,,2,3,1662639.06,554213.02,3
C1691,Individual,Robert,Reed,,5,4,1212731.6,303182.9,1
C1692,Individual,Joseph,Patterson,35.24435318275154,5,4,1165619.9100000001,291404.97750000004,1
C1693,Individual,Donald,Turner,,1,4,1557035.08,389258.77,3
C1694,Individual,Gloria,Foster,,5,4,1457395.73,364348.9325,3
C1695,Individual,Tiffany,Peterson,,5,3,975866.19,325288.73,1
C1696,Individual,Emily,Jones,,1,4,1316025.35,329006.3375,1
C1697,Individual,Maria,Brown,45.82614647501711,2,4,802813.26,200703.315,1
C1698,Individual,Zachary,Stone,75.49897330595482,4,3,764529.97,254843.32333333333,1
C1699,Individual,Peter,Phillips,,3,4,1161971.24,290492.81,1
C1700,Individual,Nicholas,Young,82.5845311430527,3,4,1293648.37,323412.0925,3
C1701,Individual,Karen,Montgomery,,1,3,916043.72,305347.9066666667,1
C1702,Individual,Frank,Alexander,36.41615331964408,5,3,1259181.49,419727.16333333333,3
C1703,Individual,Gerald,Cox,,4,3,868665.77,289555.25666666665,1
C1704,Individual,Susan,Flores,,4,3,1131490.6400000001,377163.5466666667,3
C1705,Individual,Kenneth,Howard,,3,3,1031987.6799999999,343995.8933333333,1
C1706,Individual,Matthew,Jordan,,3,4,1417221.48,354305.37,3
C1707,Individual,Adam,Allen,,1,3,770609.62,256869.87333333332,1
C1708,Individual,Andrea,Wilson,39.83025325119781,1,3,854426.52,284808.84,1
C1709,Individual,Danielle,Cox,79.82203969883642,3,3,1336416.1600000001,445472.0533333334,3
C1710,Individual,Joe,Flores,,2,3,1027918.12,342639.37333333335,1
C1711,Individual,Debra,Hayes,,3,4,1015613.11,253903.2775,1
C1712,Individual,Ryan,Turner,55.25530458590007,5,4,1280242.15,320060.5375,1
C1713,Individual,Julia,Cook,45.319644079397676,1,4,1401670.4500000002,350417.61250000005,3
C1714,Individual,Nathan,Brooks,77.91649555099247,3,4,1054289.58,263572.395,1
C1715,Individual,Hannah,Watson,,3,4,987214.1799999999,246803.54499999998,1
C1716,Individual,Michelle,Montgomery,,1,3,1027286.48,342428.82666666666,1
C1717,Individual,Martha,Thomas,,4,3,915606.0700000001,305202.0233333334,1
C1718,Individual,Janet,Peterson,31.411362080766597,1,4,1362121.47,340530.3675,3
C1719,Company,Halcyon,Co,66.06981519507187,2,3,1178759.88,392919.95999999996,2
C1720,Individual,Danielle,Kim,29.650924024640656,5,4,1396671.77,349167.9425,3
C1721,Individual,Carl,Weaver,39.48528405201917,2,4,1282729.71,320682.4275,1
C1722,Individual,Jacqueline,Morris,,3,4,1676365.72,419091.43,3
C1723,Individual,Carol,Allen,28.33675564681725,2,4,1084602.42,271150.605,1
C1724,Individual,Justin,Cook,,4,4,1646338.3599999999,411584.58999999997,3
C1725,Individual,Sharon,Patterson,67.3949349760438,3,4,1352500.23,338125.0575,1
C1726,Individual,Diane,Scott,,3,3,1141107.24,380369.08,3
C1727,Individual,Katherine,Morales,80.49555099247091,3,4,1563834.42,390958.605,3
C1728,Individual,Kimberly,Garcia,82.24229979466119,3,4,1436312.58,359078.145,3
C1729,Individual,Robert,Richardson,,3,3,956356.54,318785.51333333337,1
C1730,Individual,Jeffrey,Young,,5,3,796432.48,265477.49333333335,1
C1731,Individual,Nathan,Garcia,,4,4,1172220.1099999999,293055.02749999997,1
C1732,Individual,Megan,Wilson,,2,3,1551003.8399999999,517001.27999999997,3
C1733,Individual,Helen,Jones,,3,4,1179975.09,294993.7725,1
C1734,Individual,Zachary,Roberts,,5,3,1078504.94,359501.64666666667,3
C1735,Individual,Amber,Miller,56.65982203969884,3,3,1139995.98,379998.66,3
C1736,Individual,Ann,Cook,,4,4,1482243.88,370560.97,3
C1737,Individual,Jennifer,Jackson,,3,3,1060946.57,353648.8566666667,1
C1738,Individual,Sharon,Hall,,5,3,861195.69,287065.23,1
C1739,Individual,Steven,Smith,,3,4,998344.48,249586.12,1
C1740,Individual,Ashley,Alexander,,5,4,1439013.3399999999,359753.33499999996,3
C1741,Individual,Alexander,Wright,,5,4,1310713.04,327678.26,1
C1742,Company,Crestwood,Co,,5,3,1177856.21,392618.73666666663,2
C1743,Individual,Linda,Bell,,1,3,839069.28,279689.76,1
C1744,Individual,Brian,Green,,1,4,1320002.42,330000.605,1
C1745,Individual,Ann,Sanders,,1,3,1261495.5,420498.5,3
C1746,Individual,Jennifer,Cox,,3,3,793835.85,264611.95,1
C1747,Individual,Bryan,Flores,,5,3,1016661.44,338887.14666666667,1
C1748,Individual,Albert,Jones,75.564681724846,4,3,1112272.46,370757.48666666663,3
C1749,Individual,Brandon,Moore,,3,3,832665.62,277555.20666666667,1
C1750,Company,Stratos,Co,35.39493497604381,3,4,1497163.73,374290.9325,2
C1751,Individual,Christine,Scott,,5,4,873120.47,218280.1175,1
C1752,Individual,Jonathan,Cook,46.327173169062284,1,3,1119600.47,373200.1566666667,1
C1753,Individual,Arthur,Peterson,,3,3,770077.48,256692.49333333332,1
C1754,Individual,Frank,Gray,30.56536618754278,2,3,1361555.24,453851.74666666664,3
C1755,Individual,Mark,Griffin,,1,3,672116.9199999999,224038.9733333333,1
C1756,Individual,Daniel,Cook,,1,4,1481404.3900000001,370351.09750000003,3
C1757,Individual,Brian,Hayes,40.92813141683778,3,3,1125366.62,375122.2066666667,3
C1758,Individual,Carl,Pierce,,4,4,1006481.1799999999,251620.29499999998,1
C1759,Individual,Jose,Stone,51.65229295003422,1,4,1031917.22,257979.305,1
C1760,Individual,Mary,Harris,50.6611909650924,2,4,1454358.32,363589.58,3
C1761,Individual,Nicholas,Thompson,71.40588637919234,1,4,1181772.43,295443.1075,1
C1762,Individual,Larry,Harris,,1,3,1023352.22,341117.4066666667,1
C1763,Individual,Kimberly,Young,,3,4,1789381.67,447345.4175,3
C1764,Individual,Kelly,Baker,79.58110882956879,2,4,1668335.18,417083.795,3
C1765,Individual,Pamela,Reyes,29.09514031485284,1,4,1734167.51,433541.8775,3
C1766,Individual,Sharon,Bennett,33.08418891170431,4,4,1371247.08,342811.77,3
C1767,Individual,Joe,Sanders,,3,4,1455838.9100000001,363959.72750000004,3
C1768,Individual,Cynthia,Hughes,83.26351813826146,4,4,985105.21,246276.3025,1
C1769,Company,Forsyte,Co,,1,3,985909.0,328636.3333333333,2
C1770,Individual,Betty,Parker,,1,3,1334771.42,444923.80666666664,3
C1771,Company,Atlas,Co,,3,3,1280895.97,426965.3233333333,2
C1772,Company,Forsyte,Co,,5,4,1105281.92,276320.48,2
C1773,Individual,Kenneth,Williams,,3,4,1284141.19,321035.2975,1
C1774,Individual,Frank,James,,4,4,1169335.49,292333.8725,1
C1775,Individual,Betty,Howard,55.66050650239562,3,4,1414776.99,353694.2475,3
C1776,Individual,Martha,Mitchell,52.75838466803559,1,3,1071718.4,357239.4666666666,1
C1777,Individual,Jason,Long,,5,3,784629.95,261543.31666666665,1
C1778,Individual,Jeffrey,Cox,32.40246406570842,4,3,1216664.8199999998,405554.93999999994,3
C1779,Individual,Sharon,Thomas,,5,4,1563236.5499999998,390809.13749999995,3
C1780,Individual,Richard,Patterson,,1,4,1735557.1500000001,433889.28750000003,3
C1781,Individual,Betty,Thomas,57.65639972621492,4,4,1383316.42,345829.105,3
C1782,Individual,Ann,King,26.50239561943874,1,4,897646.55,224411.6375,1
C1783,Individual,Jacob,Garcia,72.24640657084188,3,4,1136482.92,284120.73,1
C1784,Individual,Albert,Moore,,3,4,1352274.53,338068.6325,1
C1785,Individual,Lauren,Allen,,1,3,1006568.23,335522.74333333335,1
C1786,Individual,Adam,White,31.247091033538673,1,4,1247095.22,311773.805,3
C1787,Individual,Stephen,Flores,,5,4,1289585.42,322396.355,1
C1788,Individual,Zachary,James,,3,3,1116876.81,372292.27,3
C1789,Individual,Edward,Brooks,,5,3,1359605.1,453201.7,3
C1790,Individual,Jacob,Hansen,,5,4,1335521.08,333880.27,1
C1791,Individual,Gerald,Scott,,5,3,894512.8,298170.93333333335,1
C1792,Individual,Terry,Pierce,,3,4,1948563.24,487140.81,3
C1793,Individual,Richard,James,57.16632443531827,1,4,1317525.03,329381.2575,3
C1794,Individual,Douglas,Chavez,,3,4,1378476.06,344619.015,3
C1795,Individual,William,Brown,80.50924024640658,5,4,1058019.94,264504.985,1
C1796,Individual,Betty,Hughes,,5,3,1158919.94,386306.64666666667,3
C1797,Individual,Katherine,Howard,,3,3,910545.9199999999,303515.30666666664,1
C1798,Individual,Bryan,Peterson,59.81930184804928,1,4,1601121.79,400280.4475,3
C1799,Individual,Cheryl,Freeman,76.39698836413416,5,4,1022792.49,255698.1225,1
C1800,Individual,James,Campbell,,1,3,1120963.1,373654.3666666667,3
C1801,Individual,Jose,Howard,62.32169746748802,5,3,1473065.73,491021.91,3
C1802,Individual,Jack,Morris,,1,4,1155979.49,288994.8725,1
C1803,Individual,Susan,Bennett,,5,3,1329728.19,443242.73,3
C1804,Individual,Albert,Kim,37.256673511293634,1,4,1735376.55,433844.1375,3
C1805,Individual,Austin,Kim,73.40177960301163,3,4,1871670.17,467917.5425,3
C1806,Individual,Martha,Turner,,2,3,974821.86,324940.62,1
C1807,Individual,Angela,Allen,69.32785763175907,5,3,1520931.78,506977.26,3
C1808,Individual,Victoria,Stewart,36.40520191649555,2,4,1102931.4500000002,275732.86250000005,1
C1809,Individual,Laura,White,45.08966461327858,4,4,1221253.05,305313.2625,1
C1810,Individual,Maria,Collins,81.40999315537303,3,3,991862.87,330620.95666666667,1
C1811,Individual,Stephanie,Williams,,3,4,1189519.9,297379.975,1
C1812,Individual,Ryan,White,,5,4,1080880.0,270220.0,1
C1813,Individual,Walter,Jordan,78.507871321013,3,4,1552316.39,388079.0975,3
C1814,Individual,Scott,Roberts,39.162217659137575,2,4,1303261.99,325815.4975,1
C1815,Individual,Aaron,Carter,,5,4,1182628.3,295657.075,1
C1816,Individual,Sean,Miller,64.15879534565366,2,4,1078876.87,269719.2175,1
C1817,Individual,Cynthia,Garcia,,1,3,1240667.65,413555.8833333333,3
C1818,Individual,Christine,Wood,,5,3,814797.06,271599.02,1
C1819,Individual,William,Brown,63.31279945242984,1,3,1067644.33,355881.44333333336,1
C1820,Individual,Nicholas,Howard,,3,4,970434.94,242608.735,1
C1821,Individual,Adam,Smith,,5,4,1733692.6199999999,433423.15499999997,3
C1822,Individual,Frank,Weaver,,5,4,1388147.75,347036.9375,3
C1823,Individual,Jacob,Watson,58.81724845995893,4,3,993925.86,331308.62,1
C1824,Individual,Jeffrey,Weaver,63.748117727583846,3,4,945036.97,236259.2425,1
C1825,Individual,Eric,Jones,,2,4,948769.9299999999,237192.48249999998,1
C1826,Individual,Jack,Williams,74.99247091033538,4,4,1300035.21,325008.8025,1
C1827,Individual,Donald,Thompson,53.42094455852156,5,4,1221529.77,305382.4425,1
C1828,Individual,William,Wood,,2,4,1199213.25,299803.3125,1
C1829,Individual,Rachel,Ward,,5,3,1194095.83,398031.94333333336,3
C1830,Individual,Virginia,Owens,,3,3,1363309.64,454436.54666666663,3
C1831,Individual,Janice,Smith,,3,4,1004720.27,251180.0675,1
C1832,Individual,Henry,Garcia,,1,4,1282390.94,320597.735,3
C1833,Individual,Jennifer,Weaver,,1,3,1132086.83,377362.2766666667,3
C1834,Individual,Zachary,Phillips,,5,4,1222274.5999999999,305568.64999999997,1
C1835,Individual,Nicole,Pierce,,4,3,739211.6,246403.86666666667,1
C1836,Individual,Judy,Wood,65.65639972621491,1,4,1213775.31,303443.8275,1
C1837,Individual,Julia,Freeman,76.16427104722793,2,4,1507583.69,376895.9225,3
C1838,Individual,Joyce,Morales,,1,4,1266344.58,316586.145,1
C1839,Individual,Kyle,Gray,,2,4,967894.54,241973.635,1
C1840,Individual,Gerald,Weaver,,3,3,911506.03,303835.3433333333,1
C1841,Individual,Austin,Williams,,4,4,1612088.13,403022.0325,3
C1842,Company,Rexon,Co,47.657768651608485,3,3,1252827.37,417609.12333333335,2
C1843,Individual,Jose,Stone,,4,4,1487849.65,371962.4125,3
C1844,Individual,Grace,Howard,,1,4,1033138.51,258284.6275,1
C1845,Individual,Joshua,Green,76.73100616016427,1,3,889124.6799999999,296374.8933333333,1
C1846,Individual,Sara,Allen,,5,3,886017.55,295339.18333333335,1
C1847,Individual,Brian,Griffin,74.17659137577002,4,4,1080850.85,270212.7125,1
C1848,Individual,Sarah,Davis,,2,4,1595352.82,398838.205,3
C1849,Individual,Joseph,Wilson,49.75496235455168,3,3,1019239.08,339746.36,1
C1850,Individual,Gregory,Miller,,5,4,1380990.75,345247.6875,3
C1851,Individual,Kimberly,Miller,71.9917864476386,3,4,1552543.97,388135.9925,3
C1852,Individual,Julie,Hall,,4,3,1674072.07,558024.0233333333,3
C1853,Individual,Jennifer,Owens,,4,4,1207329.15,301832.2875,1
C1854,Company,Rexon,Co,,1,4,1387997.02,346999.255,2
C1855,Individual,Gloria,Hansen,42.32443531827516,2,4,1117305.8599999999,279326.46499999997,1
C1856,Company,Altira,Co,,2,3,1216231.4300000002,405410.47666666674,2
C1857,Individual,Walter,Johnson,,2,3,919814.94,306604.98,1
C1858,Individual,Amy,Hayes,68.0,5,3,1161958.29,387319.43,3
C1859,Individual,Zachary,Taylor,,5,4,1087561.59,271890.3975,1
C1860,Company,Caldera,Co,,4,4,1661197.49,415299.3725,2
C1861,Individual,Nathan,Evans,44.40520191649555,3,4,1475178.95,368794.7375,3
C1862,Individual,Joshua,Long,,1,3,988771.17,329590.39,1
C1863,Individual,Megan,Hansen,78.25325119780972,3,4,1281313.02,320328.255,1
C1864,Individual,Hannah,Weaver,,5,4,1131730.6,282932.65,1
C1865,Individual,Sean,Rogers,52.39698836413415,4,3,1092253.24,364084.41333333333,1
C1866,Individual,Joyce,Martin,,2,4,1620195.43,405048.8575,3
C1867,Individual,Robert,Richardson,,2,3,761781.8,253927.2666666667,1
C1868,Individual,Michelle,Thomas,,1,4,1469394.43,367348.6075,3
C1869,Individual,Margaret,Campbell,50.666666666666664,5,4,1335399.36,333849.84,1
C1870,Individual,Lawrence,Moore,,1,3,680865.94,226955.31333333332,1
C1871,Individual,Amy,Reyes,,1,4,1096466.77,274116.6925,1
C1872,Individual,Raymond,Jones,,5,3,1284121.27,428040.42333333334,3
C1873,Individual,Cheryl,Collins,67.23887748117727,5,4,841611.53,210402.8825,1
C1874,Individual,Justin,Cooper,,1,3,1058361.99,352787.33,1
C1875,Individual,Melissa,Roberts,,2,3,1220153.8599999999,406717.9533333333,3
C1876,Company,Bravada,Co,,4,3,1543986.34,514662.11333333334,2
C1877,Individual,Walter,Bryant,,5,3,905899.79,301966.5966666667,1
C1878,Individual,Paul,Rogers,58.6611909650924,5,3,958603.36,319534.4533333333,1
C1879,Individual,Deborah,Roberts,,3,3,1536294.68,512098.2266666666,3
C1880,Individual,Joan,Morales,,5,4,1319939.53,329984.8825,3
C1881,Individual,Brenda,Phillips,,2,3,972731.0900000001,324243.6966666667,1
C1882,Individual,Deborah,Turner,,3,3,884144.1,294714.7,1
C1883,Individual,Sean,Peterson,85.31143052703628,1,4,1877399.3199999998,469349.82999999996,3
C1884,Individual,Terry,Bell,71.8302532511978,5,3,930994.2100000001,310331.4033333334,1
C1885,Individual,Ryan,Bell,,1,4,1740983.97,435245.9925,3
C1886,Individual,Maria,Richardson,,5,3,774293.9299999999,258097.97666666665,1
C1887,Individual,Emma,Campbell,40.407939767282684,1,3,822999.76,274333.25333333336,1
C1888,Individual,Donald,Griffin,63.83025325119781,3,4,981962.01,245490.5025,1
C1889,Individual,Matthew,Richardson,38.90485968514716,4,3,1193609.3,397869.76666666666,3
C1890,Individual,Mark,Nelson,72.23271731690623,4,4,1209659.27,302414.8175,1
C1891,Individual,Gary,James,54.00684462696783,2,4,1466482.7999999998,366620.69999999995,3
C1892,Individual,Nancy,Jones,74.99794661190965,5,3,978638.94,326212.98,1
C1893,Individual,Ann,Davis,,1,4,1458732.84,364683.21,3
C1894,Individual,Joyce,Hall,82.2340862422998,4,4,1284918.37,321229.5925,1
C1895,Company,Caldera,Co,57.4072553045859,4,3,1170571.86,390190.62000000005,2
C1896,Individual,Andrew,Bryant,,3,3,1158311.0,386103.6666666667,3
C1897,Individual,Catherine,Rogers,,2,4,1108918.3399999999,277229.58499999996,1
C1898,Individual,Daniel,James,47.41409993155373,1,4,1159717.54,289929.385,1
C1899,Individual,Joe,Mitchell,30.16563997262149,3,3,1001627.28,333875.76,1
C1900,Individual,Rachel,Griffin,27.742642026009584,4,4,1185889.79,296472.4475,1
C1901,Individual,Justin,Stewart,,4,4,1357680.7,339420.175,3
C1902,Company,Grandis,Co,45.568788501026695,2,4,1127600.93,281900.2325,2
C1903,Individual,Nicole,Bennett,34.510609171800134,2,4,1453139.0699999998,363284.76749999996,3
C1904,Individual,Christian,Nelson,,2,4,1337265.67,334316.4175,1
C1905,Individual,James,Morris,65.33607118412047,1,3,1180529.35,393509.7833333334,3
C1906,Individual,Michelle,Adams,,2,4,1487182.67,371795.6675,3
C1907,Individual,Kyle,Wright,76.23271731690623,3,4,1751481.1500000001,437870.28750000003,3
C1908,Individual,Andrea,Moore,,2,4,1543714.5,385928.625,3
C1909,Individual,Heather,Pierce,40.50102669404517,2,3,1238663.76,412887.92,3
C1910,Company,Telnox,Co,40.668035592060235,2,4,816793.9099999999,204198.47749999998,2
C1911,Individual,Noah,Murray,37.39630390143737,5,3,1195691.95,398563.98333333334,3
C1912,Individual,Amanda,Jackson,,1,3,863871.21,287957.07,1
C1913,Individual,Gary,King,45.5605749486653,5,4,1210353.53,302588.3825,1
C1914,Individual,Brenda,Gray,,4,3,1553786.78,517928.9266666667,3
C1915,Individual,Angela,Williams,61.987679671457904,4,3,1015184.58,338394.86,1
C1916,Individual,Zachary,Weaver,,2,3,1257058.52,419019.50666666665,3
C1917,Individual,Angela,Montgomery,,2,4,1007433.23,251858.3075,1
C1918,Individual,Dorothy,Murray,,1,4,1019401.51,254850.3775,1
C1919,Company,Vantage,Co,,1,4,1083015.76,270753.94,2
C1920,Individual,Jonathan,Pierce,,5,4,1523588.92,380897.23,3
C1921,Individual,Carolyn,Adams,,5,3,980793.6799999999,326931.2266666666,1
C1922,Individual,Jessica,Garcia,38.403832991101986,1,3,1549836.17,516612.05666666664,3
C1923,Individual,Sarah,Cooper,79.24709103353867,1,4,1302917.16,325729.29,1
C1924,Individual,Joe,Cooper,68.41889117043121,3,4,1453954.37,363488.5925,3
C1925,Individual,Jordan,Baker,,2,4,1165252.94,291313.235,1
C1926,Individual,Joshua,Watson,28.580424366872005,1,4,1238034.03,309508.5075,1
C1927,Individual,Victoria,Long,73.57973990417523,1,4,1325474.94,331368.735,3
C1928,Individual,Paul,Scott,,4,3,741930.22,247310.07333333333,1
C1929,Individual,Angela,Baker,,1,4,1329874.96,332468.74,1
C1930,Individual,Rachel,Adams,,3,4,1184992.23,296248.0575,1
C1931,Individual,Melissa,Jackson,31.096509240246405,5,4,1323884.1099999999,330971.02749999997,3
C1932,Individual,Dorothy,Allen,,2,4,1713149.19,428287.2975,3
C1933,Company,Oasis,Co,32.167008898015055,1,3,822428.05,274142.68333333335,2
C1934,Individual,Noah,Montgomery,,4,4,1719384.46,429846.115,3
C1935,Individual,Ashley,Young,,5,3,1205890.37,401963.4566666667,3
C1936,Individual,Jeffrey,Brown,,1,3,965899.1000000001,321966.3666666667,1
C1937,Individual,Ashley,Richardson,,3,4,1707838.06,426959.515,3
C1938,Individual,Peter,Anderson,,4,3,1154671.2,384890.39999999997,3
C1939,Individual,Gloria,White,46.98973305954826,1,3,674304.95,224768.31666666665,1
C1940,Individual,Barbara,Turner,29.338809034907598,4,4,1403901.1400000001,350975.28500000003,3
C1941,Individual,Maria,James,,5,4,1368615.25,342153.8125,1
C1942,Company,Stratos,Co,41.56605065023956,2,3,1133984.52,377994.84,2
C1943,Individual,Eric,Long,53.4154688569473,1,3,967521.23,322507.07666666666,1
C1944,Individual,Henry,Pierce,,1,4,1971083.9300000002,492770.98250000004,3
C1945,Individual,Sean,Johnson,,3,4,1112541.88,278135.47,1
C1946,Individual,Mark,Bell,,1,3,1056227.37,352075.79000000004,1
C1947,Individual,Walter,Mitchell,47.337440109514034,3,3,1247905.56,415968.52,3
C1948,Individual,Melissa,Harris,71.17864476386038,2,3,1530233.0,510077.6666666667,3
C1949,Individual,Christina,James,,2,3,1020270.72,340090.24,3
C1950,Individual,Edward,Weaver,,4,4,1033306.43,258326.6075,1
C1951,Individual,Alexander,Murray,29.738535249828885,1,4,1128864.17,282216.0425,1
C1952,Company,Optima,Co,34.0807665982204,3,3,1235262.65,411754.2166666666,2
C1953,Individual,Donald,Miller,,1,4,1199064.43,299766.1075,1
C1954,Individual,Judy,Roberts,59.75359342915811,3,3,809731.0700000001,269910.3566666667,1
C1955,Individual,Benjamin,Wright,,1,4,1707150.06,426787.515,3
C1956,Individual,Julie,Weaver,,2,4,1224023.79,306005.9475,1
C1957,Individual,Adam,Howard,,4,4,1318838.26,329709.565,1
C1958,Individual,Susan,Foster,55.65503080082136,3,4,1567012.19,391753.0475,3
C1959,Individual,Judy,Morales,,1,3,626084.02,208694.67333333334,1
C1960,Individual,Dorothy,Brown,38.841889117043124,2,3,1196488.96,398829.6533333333,3
C1961,Individual,William,Campbell,,5,4,1289265.38,322316.345,3
C1962,Individual,Kimberly,Harris,30.844626967830255,5,3,971475.24,323825.08,1
C1963,Company,Terova,Co,58.261464750171115,5,3,983925.13,327975.04333333333,2
C1964,Individual,Kevin,Martin,,5,3,1149434.67,383144.88999999996,3
C1965,Individual,Sean,Wright,29.401779603011637,4,3,1489053.39,496351.12999999995,3
C1966,Individual,Ronald,Howard,62.31622176591376,1,4,1210176.2,302544.05,1
C1967,Individual,Roger,Bryant,68.65434633812457,4,3,747143.37,249047.79,1
C1968,Individual,Judy,Griffin,67.58932238193019,3,3,987718.99,329239.66333333333,1
C1969,Individual,Jesse,James,,2,4,1030940.4299999999,257735.10749999998,1
C1970,Individual,Raymond,Howard,,4,3,1346312.7000000002,448770.9000000001,3
C1971,Individual,Emma,Jordan,,5,3,673422.3200000001,224474.1066666667,1
C1972,Individual,Carol,Wilson,54.41478439425051,4,3,943260.84,314420.27999999997,1
C1973,Company,Oasis,Co,,4,4,1450499.68,362624.92,2
C1974,Individual,Keith,Peterson,76.15605749486653,5,4,968686.8500000001,242171.71250000002,1
C1975,Individual,Dorothy,Campbell,50.83367556468173,4,3,985031.21,328343.73666666663,1
C1976,Individual,Albert,Wilson,31.091033538672143,5,4,1146120.65,286530.1625,1
C1977,Individual,Jason,Bennett,32.16153319644079,1,4,2001430.4300000002,500357.60750000004,3
C1978,Company,Summit,Co,59.3264887063655,5,3,1205900.67,401966.88999999996,2
C1979,Individual,Brian,Richardson,,3,4,1287568.79,321892.1975,1
C1980,Individual,Barbara,Green,70.072553045859,4,4,1579565.09,394891.2725,3
C1981,Individual,Sarah,Flores,33.48665297741273,5,4,1440160.68,360040.17,3
C1982,Individual,Jose,Long,78.74880219028063,4,3,1545398.56,515132.85333333333,3
C1983,Individual,Ryan,Reed,,3,4,1317304.52,329326.13,1
C1984,Individual,Jesse,Watson,,4,3,846287.21,282095.73666666663,1
C1985,Individual,Gregory,Bell,63.069130732375086,1,4,1149379.8599999999,287344.96499999997,1
C1986,Individual,Thomas,Griffin,,1,4,1442798.93,360699.7325,3
C1987,Individual,Douglas,Davis,,5,4,1316082.96,329020.74,3
C1988,Individual,Henry,Thompson,,5,4,1301018.95,325254.7375,1
C1989,Individual,William,Montgomery,,3,4,1380788.8599999999,345197.21499999997,3
C1990,Individual,Scott,Howard,,5,3,1253745.81,417915.27,3
C1991,Individual,Susan,Reed,75.9069130732375,3,4,1134341.88,283585.47,1
C1992,Individual,Rachel,Hansen,,3,3,1266058.76,422019.58666666667,3
C1993,Individual,Douglas,Thompson,40.988364134154686,2,3,1385369.38,461789.7933333333,3
C1994,Individual,Nicole,Miller,,3,3,1257875.21,419291.73666666663,3
C1995,Individual,Michelle,Scott,33.25119780971937,4,4,1044043.64,261010.91,1
C1996,Individual,Samantha,Brooks,,1,4,1151831.48,287957.87,1
C1997,Individual,Matthew,Cox,,4,4,1101825.4,275456.35,1
C1998,Individual,Mark,Patterson,,5,3,1023688.56,341229.52,1
C1999,Individual,Lawrence,Montgomery,,4,3,838587.38,279529.12666666665,1
C2000,Individual,Amanda,James,,1,3,913528.5,304509.5,1
